total_study_hours,avg_session_length,study_sessions_per_week,focus_ratio,late_night_study_ratio,days_until_deadline_avg,video_completion_rate,practice_problem_attempts,forum_participation,study_streak_days,final_grade,pass_fail
17.5,88.0,11.9,0.693,0.419,7.6,0.754,20.0,1,7.0,80.8,1
14.3,78.5,10.9,0.458,0.529,3.2,0.596,31.0,1,10.0,77.3,1
18.2,61.2,17.9,0.661,0.13,2.8,0.432,19.0,1,7.0,88.6,1
22.6,47.1,25.0,0.697,0.115,7.8,0.653,14.0,0,7.0,77.6,1
13.8,74.0,11.2,0.824,0.117,13.6,0.468,22.0,1,10.0,85.7,1
13.8,67.9,12.2,0.922,0.196,4.0,0.866,1.0,2,8.0,75.8,1
22.9,77.9,17.6,0.945,0.449,2.7,0.957,29.0,1,12.0,87.8,1
18.8,72.7,15.5,0.3,0.61,9.5,0.876,12.0,2,8.0,75.1,1
12.7,81.0,9.4,0.822,0.382,4.1,0.754,27.0,3,9.0,80.8,1
17.7,49.3,21.6,0.706,0.166,6.7,0.744,21.0,3,4.0,70.7,1
12.7,86.3,8.8,0.836,0.422,4.0,0.722,7.0,2,16.0,82.9,1
12.7,64.0,11.9,0.736,0.352,4.4,0.662,16.0,2,16.0,82.6,1
16.2,101.5,9.6,0.465,0.439,3.0,0.431,7.0,0,6.0,72.3,1
5.4,46.2,7.1,0.68,0.299,8.0,0.546,18.0,1,6.0,61.9,1
6.4,94.7,4.0,0.896,0.033,6.9,0.791,42.0,1,11.0,71.6,1
12.2,64.0,11.4,0.74,0.066,6.7,0.298,18.0,2,8.0,82.1,1
9.9,47.0,12.7,0.732,0.189,3.4,0.674,7.0,6,12.0,70.9,1
16.6,50.3,19.8,0.783,0.153,6.5,0.354,25.0,1,22.0,81.5,1
10.5,53.6,11.7,0.43,0.328,14.0,0.958,6.0,1,6.0,63.3,1
7.9,68.5,7.0,0.649,0.105,2.7,0.669,30.0,3,17.0,77.0,1
22.3,70.5,19.0,0.715,0.437,3.2,0.907,5.0,4,5.0,97.2,1
13.9,48.5,17.2,0.62,0.271,3.3,0.838,27.0,1,7.0,75.8,1
15.3,59.5,15.5,0.645,0.201,5.8,0.694,9.0,2,12.0,72.9,1
7.9,102.8,4.6,0.87,0.334,2.6,0.588,20.0,2,15.0,80.8,1
12.3,94.6,7.8,0.464,0.379,7.3,0.568,25.0,1,22.0,78.6,1
15.6,68.7,13.6,0.913,0.392,1.4,0.613,16.0,1,26.0,70.1,1
9.2,60.8,9.1,0.909,0.352,8.5,0.815,9.0,0,9.0,79.7,1
16.9,62.4,16.2,0.88,0.36,6.6,0.706,16.0,1,10.0,100.0,1
12.0,72.3,10.0,0.345,0.11,14.0,0.951,12.0,2,13.0,62.7,1
13.5,39.5,20.5,0.608,0.315,2.8,0.761,14.0,3,10.0,59.7,0
12.0,54.9,13.1,0.875,0.289,9.7,0.258,3.0,2,9.0,53.6,0
24.3,26.6,25.0,0.86,0.441,5.1,0.271,21.0,5,7.0,81.3,1
14.9,68.0,13.2,0.806,0.231,4.5,0.607,15.0,1,15.0,89.9,1
9.7,72.9,8.0,0.656,0.431,2.7,0.445,2.0,1,22.0,66.5,1
19.1,50.3,22.8,0.697,0.36,4.0,0.593,10.0,1,4.0,80.4,1
8.9,91.5,5.8,0.711,0.298,4.1,0.703,1.0,3,9.0,75.1,1
16.0,35.5,25.0,0.517,0.11,1.9,0.655,14.0,2,4.0,80.6,1
5.2,30.7,10.2,0.744,0.152,6.6,0.805,19.0,0,14.0,80.4,1
8.4,64.5,7.8,0.716,0.39,6.1,0.638,8.0,2,6.0,65.8,1
16.0,80.9,11.8,0.711,0.331,7.6,0.631,7.0,2,20.0,83.7,1
18.7,93.7,12.0,0.933,0.201,3.7,0.681,10.0,1,9.0,82.3,1
15.9,50.8,18.7,0.704,0.049,8.7,0.758,7.0,0,14.0,82.1,1
14.4,81.6,10.6,0.711,0.123,11.3,0.51,6.0,1,6.0,80.4,1
13.5,59.2,13.7,0.763,0.335,4.7,0.642,2.0,3,11.0,74.2,1
7.6,56.5,8.1,0.617,0.14,2.8,0.477,7.0,1,11.0,75.6,1
11.4,77.7,8.8,0.859,0.579,5.6,0.803,3.0,5,13.0,73.0,1
12.7,73.0,10.4,0.82,0.742,5.4,0.797,29.0,2,7.0,70.9,1
20.3,28.5,25.0,0.902,0.23,4.8,0.814,33.0,3,19.0,84.6,1
16.7,89.5,11.2,0.78,0.415,7.6,0.553,19.0,2,13.0,89.5,1
6.2,87.6,4.2,0.968,0.333,4.3,0.441,28.0,0,21.0,65.8,1
16.6,47.5,21.0,0.954,0.427,2.7,0.5,6.0,1,4.0,67.1,1
13.1,67.9,11.6,0.778,0.661,5.9,0.756,19.0,1,11.0,85.4,1
11.6,69.9,10.0,0.947,0.293,7.8,0.661,19.0,3,9.0,86.1,1
18.1,65.2,16.6,0.749,0.013,8.2,0.494,16.0,4,26.0,94.7,1
20.2,49.0,24.7,0.597,0.337,4.1,0.372,9.0,2,15.0,71.9,1
19.7,46.6,25.0,0.473,0.517,6.4,0.76,13.0,3,10.0,64.9,1
10.8,59.5,10.9,0.857,0.057,11.5,0.743,16.0,0,14.0,78.5,1
13.5,83.5,9.7,0.817,0.607,11.4,0.704,16.0,0,8.0,75.9,1
16.7,70.9,14.1,0.9,0.644,9.8,0.969,6.0,1,13.0,85.5,1
19.9,52.6,22.7,0.844,0.44,1.8,0.576,31.0,2,30.0,91.4,1
12.6,75.4,10.0,0.463,0.079,4.3,0.594,14.0,2,7.0,75.7,1
14.1,15.0,25.0,0.595,0.264,11.0,0.845,22.0,2,11.0,84.8,1
9.5,83.0,6.8,0.817,0.145,1.8,0.665,8.0,2,6.0,85.6,1
9.0,25.2,21.5,0.972,0.345,5.2,0.557,18.0,0,6.0,69.8,1
19.1,52.8,21.7,0.973,0.121,3.6,0.572,15.0,2,17.0,93.4,1
21.8,37.6,25.0,0.803,0.518,6.5,0.417,6.0,1,5.0,64.6,1
14.6,34.1,25.0,0.708,0.229,1.0,0.671,13.0,0,13.0,60.0,1
20.0,83.2,14.4,0.524,0.212,10.4,0.688,10.0,1,17.0,91.3,1
16.8,50.6,19.9,0.73,0.196,5.3,0.756,11.0,1,8.0,73.5,1
11.8,66.9,10.6,0.62,0.182,2.6,0.703,25.0,0,21.0,76.7,1
16.8,59.1,17.1,0.945,0.252,3.3,0.912,12.0,2,20.0,96.5,1
22.7,69.5,19.6,0.6,0.041,6.6,0.515,24.0,2,8.0,100.0,1
14.8,61.5,14.5,0.663,0.358,3.1,0.61,20.0,2,4.0,75.0,1
22.8,34.3,25.0,0.926,0.156,13.3,0.712,14.0,2,14.0,88.1,1
2.0,79.9,2.0,0.457,0.424,5.0,0.736,26.0,0,10.0,61.9,1
19.1,50.1,22.9,0.831,0.447,12.0,0.937,25.0,3,12.0,79.2,1
15.4,28.9,25.0,0.662,0.445,5.9,0.631,14.0,0,14.0,66.0,1
13.5,51.4,15.8,0.812,0.35,8.0,0.804,15.0,2,4.0,80.8,1
15.5,90.0,10.3,0.916,0.316,7.7,0.553,26.0,0,8.0,84.9,1
5.1,77.0,3.9,0.663,0.498,3.9,0.772,21.0,4,25.0,73.1,1
13.9,53.0,15.7,0.615,0.353,8.0,0.735,31.0,0,12.0,74.1,1
16.8,53.0,19.0,0.45,0.349,4.1,0.911,12.0,5,14.0,76.1,1
22.4,53.6,25.0,0.855,0.398,1.6,0.769,5.0,4,11.0,74.7,1
12.4,101.5,7.3,0.572,0.592,4.7,0.659,7.0,0,14.0,56.5,0
11.0,67.6,9.7,0.942,0.654,2.3,0.713,2.0,0,20.0,71.3,1
12.5,68.6,10.9,0.659,0.068,4.1,0.718,7.0,2,2.0,82.3,1
19.6,80.6,14.6,0.809,0.447,5.2,0.567,20.0,3,16.0,94.6,1
16.6,64.8,15.4,0.434,0.116,2.9,0.564,12.0,1,10.0,74.8,1
12.4,54.8,13.5,0.734,0.281,7.4,0.712,6.0,1,18.0,72.1,1
17.6,56.1,18.8,0.853,0.12,4.1,0.718,8.0,2,8.0,91.7,1
15.5,58.6,15.9,0.663,0.199,2.3,0.805,16.0,4,8.0,87.4,1
19.8,59.3,20.1,0.634,0.07,2.9,0.346,9.0,1,5.0,73.5,1
11.5,74.6,9.2,0.677,0.455,5.7,0.6,11.0,1,10.0,83.8,1
13.4,61.0,13.1,0.627,0.38,4.6,0.663,3.0,0,4.0,67.2,1
13.0,74.7,10.5,0.771,0.662,6.3,0.8,29.0,1,10.0,76.5,1
7.7,58.4,7.9,0.736,0.441,5.7,0.75,32.0,0,12.0,69.7,1
16.5,61.6,16.1,0.3,0.069,2.7,0.596,6.0,1,7.0,61.2,1
16.3,20.0,25.0,0.826,0.51,3.6,0.705,10.0,2,3.0,72.9,1
15.0,78.3,11.5,0.739,0.149,8.7,0.724,2.0,3,3.0,79.4,1
13.8,66.9,12.4,0.794,0.315,3.1,0.544,27.0,1,5.0,82.6,1
7.9,80.0,5.9,0.678,0.104,12.1,0.5,4.0,4,3.0,85.6,1
12.9,15.0,25.0,0.858,0.593,1.9,0.772,13.0,3,11.0,64.1,1
13.3,101.8,7.8,0.431,0.149,8.5,0.804,5.0,2,30.0,66.2,1
11.0,57.2,11.5,0.925,0.173,5.0,0.665,13.0,1,5.0,81.8,1
14.2,82.2,10.4,0.804,0.54,2.7,0.876,24.0,3,30.0,88.7,1
17.0,39.2,25.0,0.635,0.206,5.6,0.629,20.0,3,11.0,71.3,1
24.4,72.3,20.3,0.654,0.555,3.1,0.817,21.0,2,13.0,84.9,1
15.9,38.9,24.5,0.773,0.265,3.7,0.4,4.0,1,4.0,70.2,1
16.3,47.5,20.6,0.851,0.208,4.2,0.78,12.0,2,12.0,71.5,1
14.6,98.3,8.9,0.7,0.054,8.1,0.633,45.0,2,8.0,89.1,1
5.4,56.2,5.8,0.917,0.445,3.5,0.618,16.0,4,24.0,84.8,1
14.9,64.3,13.9,0.745,0.618,6.1,0.408,13.0,1,3.0,66.0,1
15.3,77.4,11.9,0.728,0.308,8.3,0.548,11.0,0,8.0,78.1,1
27.3,69.9,23.4,0.444,0.62,5.5,0.509,15.0,7,6.0,59.7,0
14.0,63.0,13.4,0.92,0.159,6.7,0.749,13.0,1,13.0,75.9,1
16.5,67.3,14.7,0.781,0.365,5.2,0.68,40.0,2,2.0,87.0,1
14.8,108.1,8.2,0.735,0.198,7.3,0.823,23.0,1,24.0,99.7,1
9.2,58.8,9.3,0.665,0.566,2.2,0.651,12.0,7,13.0,59.9,0
20.7,64.0,19.4,0.462,0.213,11.5,0.853,22.0,1,12.0,91.2,1
18.8,81.0,13.9,0.856,0.318,3.4,0.517,7.0,4,5.0,80.7,1
19.0,82.1,13.9,0.761,0.454,5.0,0.996,13.0,0,16.0,93.0,1
10.5,83.7,7.5,0.596,0.545,1.3,0.519,9.0,1,15.0,57.0,0
22.0,72.8,18.1,0.697,0.61,3.8,0.873,21.0,3,21.0,94.0,1
8.0,37.1,12.9,0.643,0.054,6.3,0.881,12.0,5,9.0,72.7,1
17.9,92.7,11.6,0.774,0.459,12.4,0.797,14.0,3,3.0,89.4,1
26.0,37.1,25.0,0.834,0.28,7.5,0.42,11.0,1,7.0,83.9,1
10.0,66.1,9.1,0.638,0.307,4.0,0.504,17.0,1,18.0,71.1,1
12.2,44.9,16.3,0.712,0.326,1.8,0.909,21.0,3,8.0,82.1,1
15.5,58.7,15.8,0.917,0.107,10.8,0.64,32.0,1,30.0,98.4,1
12.5,66.6,11.2,0.651,0.377,3.9,0.654,11.0,3,17.0,75.2,1
7.2,66.4,6.5,0.515,0.164,6.3,0.866,6.0,2,27.0,71.8,1
15.3,68.4,13.5,0.658,0.093,4.0,0.28,17.0,0,8.0,77.0,1
9.7,92.3,6.3,0.461,0.429,6.7,0.747,4.0,0,14.0,66.7,1
17.4,69.1,15.1,0.924,0.439,10.5,0.839,10.0,2,6.0,80.5,1
10.4,55.1,11.3,0.541,0.491,8.1,0.633,3.0,3,17.0,66.3,1
22.7,79.3,17.2,0.957,0.234,4.5,0.538,50.0,1,14.0,93.5,1
11.1,83.8,7.9,0.461,0.587,10.9,0.594,29.0,2,16.0,74.5,1
13.4,35.4,22.7,0.754,0.274,13.9,0.581,27.0,1,8.0,71.7,1
19.1,71.9,15.9,0.754,0.534,9.3,0.815,33.0,1,11.0,95.3,1
8.8,74.0,7.2,0.8,0.498,4.1,0.72,25.0,1,11.0,78.7,1
16.1,54.0,17.9,0.789,0.196,8.5,0.2,16.0,3,8.0,75.8,1
21.5,87.5,14.8,0.7,0.207,9.2,0.636,16.0,1,12.0,92.1,1
7.0,57.0,7.3,0.674,0.309,4.6,0.517,31.0,4,13.0,78.3,1
15.9,62.5,15.3,0.841,0.646,13.9,0.813,32.0,3,15.0,89.2,1
16.3,56.5,17.3,0.81,0.22,10.2,0.663,6.0,4,8.0,80.5,1
18.9,60.3,18.8,0.686,0.328,4.7,0.683,12.0,2,17.0,77.7,1
8.8,38.1,13.9,0.887,0.333,4.1,0.634,14.0,1,16.0,80.7,1
8.4,31.2,16.1,0.744,0.214,9.1,0.815,26.0,1,15.0,86.1,1
17.6,91.9,11.5,0.693,0.573,14.0,0.518,7.0,2,17.0,81.5,1
16.5,43.1,23.0,0.865,0.205,2.3,0.712,6.0,2,10.0,79.7,1
16.3,40.2,24.3,0.841,0.341,6.9,0.852,4.0,2,5.0,52.2,0
16.7,16.9,25.0,0.687,0.37,8.4,0.755,9.0,4,16.0,84.8,1
11.6,47.2,14.7,0.544,0.446,10.5,0.56,10.0,1,7.0,68.4,1
16.2,33.5,25.0,0.818,0.33,8.5,0.67,37.0,2,4.0,80.0,1
16.5,92.8,10.6,0.875,0.17,3.9,0.645,24.0,1,8.0,85.7,1
11.4,80.2,8.6,0.865,0.563,2.1,0.743,26.0,1,12.0,86.8,1
24.3,46.2,25.0,0.558,0.01,4.4,0.981,6.0,3,22.0,81.4,1
17.4,105.0,9.9,0.761,0.25,8.3,0.506,11.0,1,13.0,95.8,1
9.0,79.6,6.8,0.367,0.282,3.7,0.386,22.0,4,17.0,72.3,1
18.3,53.5,20.5,0.563,0.403,11.4,0.59,15.0,2,16.0,80.4,1
10.1,15.0,25.0,0.857,0.195,4.9,0.609,19.0,0,13.0,65.6,1
18.9,105.8,10.7,0.943,0.399,3.5,0.732,4.0,5,9.0,78.1,1
20.8,32.2,25.0,0.836,0.321,7.4,0.847,14.0,3,5.0,89.4,1
10.9,27.1,24.1,0.738,0.399,4.6,0.832,23.0,2,30.0,76.3,1
19.8,80.5,14.8,0.614,0.449,4.0,0.272,6.0,0,8.0,81.9,1
17.1,108.8,9.4,0.566,0.379,14.0,0.518,2.0,0,9.0,75.0,1
19.1,87.7,13.1,0.957,0.465,3.7,0.324,5.0,4,10.0,79.6,1
24.5,71.3,20.6,0.862,0.345,4.3,0.882,30.0,1,8.0,99.5,1
13.8,71.9,11.5,0.579,0.165,7.4,0.473,5.0,1,14.0,88.6,1
11.2,77.1,8.7,0.751,0.137,11.3,0.831,13.0,1,8.0,82.6,1
10.6,75.2,8.4,0.505,0.367,7.0,0.897,2.0,4,9.0,65.4,1
10.9,65.6,10.0,0.729,0.147,5.7,0.462,6.0,1,7.0,78.1,1
14.6,62.1,14.1,0.828,0.04,14.0,0.596,15.0,6,9.0,90.1,1
16.7,58.7,17.1,0.667,0.597,4.2,0.622,13.0,3,5.0,79.6,1
16.4,44.9,21.9,0.753,0.643,4.2,0.867,27.0,0,4.0,67.6,1
19.1,54.4,21.1,0.536,0.145,3.7,0.41,18.0,1,25.0,88.0,1
15.1,26.1,25.0,0.918,0.215,6.8,0.863,6.0,3,17.0,74.2,1
22.3,58.0,23.0,0.875,0.168,3.0,0.6,11.0,2,23.0,90.3,1
13.7,40.2,20.4,0.734,0.359,2.5,0.723,9.0,2,24.0,68.0,1
28.6,37.9,25.0,0.75,0.161,4.3,0.943,1.0,2,6.0,84.9,1
18.1,63.6,17.1,0.902,0.198,1.7,0.72,37.0,1,22.0,92.3,1
10.7,87.8,7.3,0.781,0.423,6.3,0.529,14.0,1,19.0,81.3,1
9.6,78.4,7.4,0.7,0.102,6.8,0.704,16.0,2,9.0,85.1,1
17.4,28.6,25.0,0.49,0.304,7.5,0.643,21.0,1,13.0,76.6,1
13.9,40.2,20.7,0.729,0.093,8.7,0.64,21.0,2,17.0,78.3,1
18.6,78.8,14.1,0.9,0.138,4.4,0.821,23.0,2,15.0,96.8,1
17.4,40.4,25.0,0.423,0.081,10.6,0.776,10.0,2,10.0,81.6,1
14.6,55.5,15.8,0.429,0.264,10.0,0.758,9.0,2,12.0,84.1,1
10.8,71.0,9.1,0.654,0.3,2.7,0.436,28.0,3,14.0,57.2,0
7.4,40.6,11.0,0.654,0.028,5.2,0.917,38.0,1,9.0,77.8,1
12.8,62.1,12.3,0.902,0.25,0.9,0.693,2.0,6,15.0,77.6,1
19.3,33.3,25.0,0.661,0.079,10.6,0.816,27.0,2,7.0,90.1,1
16.1,48.0,20.1,0.765,0.654,8.7,0.467,11.0,1,23.0,69.9,1
8.8,66.4,7.9,0.786,0.451,12.0,0.935,13.0,0,19.0,82.6,1
15.9,28.1,25.0,0.787,0.332,1.9,0.647,1.0,2,17.0,60.1,1
16.9,68.8,14.8,0.854,0.46,7.1,0.875,13.0,1,13.0,87.9,1
10.6,59.6,10.7,0.788,0.221,3.9,0.705,8.0,1,12.0,81.6,1
15.8,71.0,13.3,0.507,0.42,1.3,0.444,1.0,1,19.0,57.8,0
15.3,64.5,14.2,0.666,0.142,9.4,0.818,30.0,1,5.0,100.0,1
9.3,87.3,6.4,0.904,0.256,2.3,0.405,15.0,2,6.0,82.3,1
16.8,62.5,16.1,0.861,0.128,6.6,0.713,17.0,0,15.0,88.6,1
17.8,51.4,20.8,0.744,0.753,3.8,0.864,30.0,1,11.0,67.4,1
20.4,62.4,19.6,0.886,0.038,6.0,0.392,22.0,3,8.0,92.4,1
20.3,70.9,17.2,0.649,0.084,8.8,0.558,4.0,1,20.0,88.7,1
8.1,61.0,8.0,0.746,0.147,6.0,0.932,25.0,2,12.0,84.3,1
10.3,60.8,10.2,0.656,0.522,3.0,0.628,3.0,1,13.0,75.3,1
17.6,46.0,22.9,0.9,0.241,14.0,0.826,21.0,0,20.0,83.6,1
17.6,46.7,22.6,0.674,0.163,4.4,0.832,43.0,3,10.0,88.1,1
17.6,31.9,25.0,0.797,0.394,3.4,0.926,21.0,1,30.0,73.3,1
34.3,95.0,21.6,0.502,0.731,5.1,0.713,10.0,7,5.0,84.2,1
17.9,35.1,25.0,0.881,0.198,1.9,0.741,42.0,3,20.0,90.3,1
20.7,46.1,25.0,0.638,0.424,3.6,0.489,15.0,0,8.0,74.9,1
19.8,45.6,25.0,0.718,0.453,4.6,0.871,6.0,3,18.0,72.2,1
18.3,77.9,14.1,0.829,0.161,6.2,0.85,8.0,3,7.0,86.4,1
13.4,54.1,14.9,0.923,0.084,5.5,0.652,8.0,3,4.0,92.8,1
18.8,85.0,13.3,0.751,0.173,7.1,0.847,49.0,0,18.0,100.0,1
11.1,46.5,14.4,0.657,0.349,5.2,0.891,20.0,0,9.0,75.9,1
13.8,65.6,12.6,0.795,0.269,9.9,0.717,21.0,1,4.0,67.5,1
12.6,43.3,17.4,0.867,0.219,7.9,0.751,19.0,2,19.0,100.0,1
15.4,102.9,9.0,0.853,0.138,6.8,0.634,16.0,1,12.0,87.9,1
26.6,36.2,25.0,0.853,0.147,10.8,0.733,9.0,7,9.0,92.3,1
5.7,66.2,5.1,0.653,0.341,10.8,0.338,5.0,1,13.0,60.4,1
18.4,72.7,15.2,0.89,0.227,5.8,0.685,17.0,0,10.0,90.5,1
6.9,68.3,6.1,0.848,0.248,4.3,0.272,41.0,2,9.0,77.8,1
12.6,56.3,13.5,0.819,0.011,6.1,0.538,17.0,3,17.0,92.9,1
20.4,57.4,21.4,0.769,0.18,5.0,0.95,32.0,3,12.0,83.1,1
15.3,60.9,15.1,0.807,0.518,4.2,0.61,2.0,2,7.0,70.7,1
9.6,57.1,10.1,0.808,0.494,6.0,0.791,17.0,2,11.0,89.5,1
11.4,79.3,8.6,0.745,0.468,6.7,0.641,9.0,1,17.0,76.1,1
18.4,104.2,10.6,0.46,0.445,7.6,0.816,6.0,1,5.0,75.8,1
11.3,48.9,13.9,0.426,0.279,11.8,0.798,36.0,2,21.0,76.3,1
16.1,32.6,25.0,0.815,0.46,6.3,0.836,10.0,1,12.0,76.3,1
15.2,58.2,15.7,0.517,0.168,5.3,0.306,20.0,1,12.0,83.8,1
11.7,111.6,6.3,0.728,0.49,9.3,0.596,12.0,3,12.0,83.9,1
25.7,43.9,25.0,0.855,0.191,3.2,0.84,4.0,2,26.0,88.7,1
18.2,92.8,11.7,0.851,0.428,1.7,0.439,22.0,2,11.0,86.7,1
4.9,93.6,3.1,0.796,0.384,7.1,0.65,10.0,1,9.0,79.7,1
15.9,48.9,19.5,0.72,0.247,4.4,0.441,25.0,2,10.0,89.5,1
11.7,71.4,9.8,0.621,0.028,4.6,0.822,6.0,3,18.0,75.6,1
19.3,92.6,12.5,0.98,0.57,3.1,0.602,9.0,1,15.0,66.8,1
11.0,52.4,12.6,0.829,0.363,10.3,0.2,20.0,3,11.0,79.0,1
14.4,55.9,15.5,0.964,0.272,1.8,0.848,7.0,3,30.0,94.1,1
17.5,48.4,21.7,0.563,0.321,7.5,0.918,22.0,2,15.0,71.4,1
19.3,39.7,25.0,0.464,0.068,5.4,0.54,2.0,3,6.0,69.6,1
9.0,47.0,11.5,0.674,0.145,12.2,0.772,5.0,6,3.0,74.2,1
13.3,35.5,22.5,0.793,0.489,9.3,0.435,14.0,3,16.0,71.0,1
12.6,60.7,12.5,0.795,0.571,2.6,0.544,21.0,1,9.0,69.2,1
11.7,44.6,15.8,0.624,0.122,7.9,0.769,15.0,2,4.0,87.1,1
23.8,64.7,22.1,0.866,0.32,7.0,0.544,19.0,2,10.0,87.7,1
17.0,28.9,25.0,0.624,0.286,5.1,0.747,10.0,2,16.0,67.5,1
8.7,66.6,7.8,0.54,0.425,7.5,0.53,2.0,3,10.0,70.1,1
19.6,76.7,15.3,0.552,0.211,3.6,0.871,11.0,2,11.0,76.6,1
25.6,20.1,25.0,0.729,0.412,5.7,0.804,11.0,5,2.0,91.9,1
20.2,67.5,17.9,0.693,0.449,5.4,0.892,30.0,2,16.0,98.6,1
7.4,84.6,5.3,0.856,0.268,3.2,0.829,22.0,0,3.0,83.0,1
12.6,35.8,21.1,0.481,0.418,4.4,0.656,5.0,0,7.0,54.9,0
21.3,93.5,13.7,0.609,0.15,4.0,0.754,1.0,1,13.0,80.7,1
11.5,68.4,10.1,0.715,0.472,6.7,0.474,12.0,3,7.0,72.7,1
17.2,45.9,22.5,0.863,0.089,10.6,0.774,9.0,1,7.0,80.4,1
18.9,58.9,19.2,0.812,0.468,2.2,0.72,39.0,1,12.0,83.5,1
10.4,71.2,8.7,0.903,0.469,6.8,0.569,31.0,2,13.0,76.5,1
14.7,61.5,14.3,0.564,0.348,3.9,0.208,4.0,1,11.0,64.7,1
2.0,70.8,2.0,0.901,0.264,9.0,0.89,21.0,2,2.0,64.8,1
9.9,41.6,14.3,0.726,0.184,6.8,0.882,19.0,3,3.0,83.5,1
13.7,63.4,13.0,0.713,0.411,1.8,0.928,19.0,5,18.0,83.0,1
8.8,31.7,16.6,0.558,0.06,6.0,0.542,50.0,3,9.0,76.9,1
23.2,57.8,24.1,0.942,0.182,5.0,0.704,13.0,1,30.0,84.5,1
7.8,41.9,11.2,0.59,0.375,2.4,0.84,23.0,3,12.0,63.7,1
12.8,45.3,17.0,0.665,0.191,3.9,0.866,26.0,0,29.0,98.1,1
15.7,84.7,11.1,0.646,0.212,5.8,0.882,17.0,5,10.0,82.8,1
22.2,81.8,16.3,0.779,0.294,4.0,0.382,39.0,3,8.0,97.1,1
7.8,72.2,6.5,0.52,0.277,9.5,0.649,16.0,1,16.0,73.2,1
20.8,38.2,25.0,0.895,0.086,4.9,0.561,25.0,3,20.0,70.5,1
15.1,53.7,16.8,0.694,0.234,3.7,0.779,8.0,0,10.0,89.1,1
10.1,84.3,7.2,0.952,0.332,6.0,0.472,5.0,4,15.0,82.0,1
17.3,62.8,16.5,0.719,0.431,6.5,0.483,20.0,2,3.0,74.6,1
16.0,106.4,9.0,0.809,0.541,9.0,0.864,13.0,0,6.0,81.0,1
12.0,67.9,10.6,0.571,0.362,5.5,0.55,14.0,0,14.0,62.8,1
15.3,63.8,14.4,0.889,0.031,6.3,0.651,10.0,1,9.0,99.0,1
13.1,53.8,14.6,0.951,0.681,4.4,0.387,24.0,1,13.0,69.1,1
15.6,62.7,14.9,0.3,0.376,12.4,0.599,15.0,1,14.0,72.3,1
18.3,57.0,19.3,0.755,0.212,6.7,0.729,50.0,0,15.0,88.0,1
22.9,74.2,18.6,0.687,0.238,5.9,0.727,15.0,2,18.0,94.9,1
8.8,79.1,6.7,0.534,0.346,4.0,0.505,18.0,3,18.0,81.1,1
25.7,44.3,25.0,0.675,0.137,9.7,0.729,26.0,2,5.0,100.0,1
5.2,33.4,9.4,0.671,0.122,1.7,0.713,20.0,1,10.0,66.1,1
14.2,23.3,25.0,0.64,0.26,6.0,0.593,5.0,3,10.0,69.5,1
17.9,70.2,15.3,0.858,0.685,3.6,0.53,12.0,1,10.0,78.0,1
16.4,37.9,25.0,0.716,0.404,8.5,0.416,7.0,5,9.0,63.6,1
11.9,16.9,25.0,0.924,0.126,6.5,0.809,19.0,2,11.0,94.2,1
14.0,67.8,12.4,0.676,0.014,5.9,0.733,17.0,2,7.0,93.6,1
12.5,109.9,6.8,0.806,0.117,2.8,0.869,25.0,4,17.0,91.6,1
12.1,59.9,12.1,0.498,0.333,5.2,0.606,28.0,1,14.0,86.1,1
19.2,76.8,15.0,0.654,0.208,6.7,0.8,7.0,0,7.0,91.4,1
16.8,61.6,16.3,0.517,0.459,9.0,0.345,27.0,3,11.0,80.0,1
11.5,58.0,11.9,0.725,0.141,7.2,0.514,30.0,1,28.0,87.8,1
19.5,78.4,14.9,0.807,0.254,8.5,0.814,6.0,1,5.0,97.7,1
16.5,54.2,18.3,0.671,0.507,2.1,0.53,18.0,4,6.0,70.0,1
19.1,65.3,17.5,0.462,0.138,5.9,0.764,34.0,2,18.0,100.0,1
18.1,66.4,16.4,0.663,0.18,9.2,0.956,11.0,1,25.0,90.9,1
10.9,46.6,14.0,0.742,0.246,1.0,0.934,14.0,3,13.0,89.1,1
12.2,79.8,9.2,0.521,0.317,4.7,0.573,18.0,1,11.0,73.2,1
18.7,56.5,19.9,0.727,0.263,6.7,0.639,15.0,3,5.0,88.1,1
18.1,44.9,24.1,0.487,0.062,9.9,0.954,16.0,4,8.0,81.4,1
14.9,70.7,12.6,0.66,0.134,5.7,0.519,22.0,4,8.0,79.9,1
15.6,42.0,22.3,0.734,0.22,5.3,0.851,22.0,1,8.0,74.6,1
21.4,60.6,21.2,0.602,0.207,6.4,0.653,13.0,4,7.0,89.9,1
12.0,59.8,12.1,0.823,0.488,6.7,0.942,42.0,0,5.0,64.7,1
17.7,81.7,13.0,0.3,0.576,3.1,0.61,7.0,0,16.0,59.3,0
14.0,69.5,12.1,0.734,0.51,4.0,0.553,25.0,0,13.0,70.7,1
13.9,59.5,14.0,0.673,0.123,1.5,0.931,1.0,1,5.0,66.6,1
20.5,76.4,16.1,0.811,0.534,3.6,0.842,14.0,4,11.0,99.1,1
19.1,87.8,13.1,0.816,0.3,2.6,0.67,1.0,1,9.0,88.9,1
19.1,71.2,16.1,0.785,0.203,3.1,0.55,15.0,2,26.0,95.0,1
21.5,60.2,21.5,0.854,0.261,14.0,0.91,19.0,1,21.0,89.2,1
15.1,33.8,25.0,0.389,0.349,9.6,0.625,11.0,5,26.0,81.4,1
18.4,38.7,25.0,0.577,0.545,2.7,0.766,14.0,1,8.0,56.9,0
13.4,53.9,15.0,0.599,0.411,2.3,0.449,23.0,1,3.0,85.4,1
16.6,47.8,20.9,0.904,0.027,3.7,0.528,0.0,2,5.0,66.6,1
14.3,56.3,15.3,0.79,0.585,2.2,0.74,9.0,2,8.0,72.2,1
15.5,61.1,15.2,0.45,0.048,6.3,0.522,35.0,2,9.0,80.4,1
18.0,70.6,15.3,0.764,0.362,6.2,0.313,5.0,2,26.0,75.1,1
10.9,58.6,11.2,0.746,0.445,3.1,0.653,8.0,1,17.0,85.3,1
25.5,69.7,21.9,0.676,0.416,7.9,0.969,2.0,2,13.0,88.9,1
10.0,61.3,9.8,0.449,0.088,7.9,0.496,9.0,4,21.0,84.0,1
8.9,20.5,25.0,0.564,0.472,3.5,0.877,13.0,4,15.0,53.6,0
20.8,41.2,25.0,0.921,0.337,3.0,0.838,50.0,4,17.0,93.6,1
19.0,57.1,19.9,0.966,0.195,4.2,0.618,19.0,4,9.0,96.1,1
18.1,35.8,25.0,0.69,0.151,7.4,0.566,10.0,1,4.0,75.3,1
18.1,72.0,15.1,0.756,0.34,14.0,0.413,3.0,6,3.0,74.9,1
14.9,90.6,9.9,0.748,0.359,7.3,0.655,8.0,4,3.0,87.3,1
10.5,84.4,7.5,0.673,0.085,2.5,0.796,7.0,2,16.0,78.4,1
15.4,55.7,16.6,0.641,0.37,6.5,0.422,1.0,1,6.0,62.8,1
11.6,89.8,7.8,0.491,0.448,5.7,0.859,5.0,1,9.0,55.9,0
19.9,63.0,18.9,0.885,0.077,5.5,0.752,10.0,2,4.0,95.5,1
14.3,53.3,16.1,0.443,0.417,2.2,0.56,11.0,4,20.0,90.5,1
10.9,47.7,13.7,0.955,0.464,6.4,0.624,23.0,2,11.0,72.4,1
13.4,54.0,14.9,0.328,0.199,5.3,0.558,36.0,1,12.0,77.2,1
17.1,52.2,19.6,0.933,0.64,2.5,0.79,11.0,4,13.0,90.5,1
12.2,63.4,11.5,0.614,0.155,13.1,0.591,25.0,1,14.0,74.6,1
10.9,63.2,10.3,0.357,0.206,2.3,0.943,10.0,3,20.0,70.9,1
16.2,60.1,16.2,0.865,0.156,6.9,0.842,6.0,6,16.0,84.6,1
16.2,68.7,14.2,0.745,0.589,4.9,0.363,22.0,0,6.0,80.2,1
12.5,83.8,8.9,0.747,0.234,4.3,0.594,10.0,3,6.0,86.4,1
12.6,79.0,9.6,0.769,0.213,10.6,0.797,7.0,3,30.0,89.5,1
16.2,30.3,25.0,0.707,0.129,8.9,0.672,6.0,2,18.0,71.0,1
7.8,15.0,25.0,0.526,0.536,4.9,0.839,3.0,0,30.0,52.2,0
8.0,78.7,6.1,0.662,0.157,3.2,0.733,14.0,4,9.0,70.2,1
11.4,32.7,21.0,0.711,0.173,4.0,0.788,8.0,6,25.0,67.2,1
13.9,55.5,15.1,0.419,0.039,4.5,0.492,26.0,3,14.0,79.5,1
16.6,36.6,25.0,0.806,0.163,9.0,0.823,42.0,3,13.0,91.8,1
22.4,24.0,25.0,0.641,0.084,6.6,0.619,6.0,1,11.0,82.3,1
19.3,70.8,16.3,0.314,0.255,9.2,0.497,4.0,1,17.0,77.0,1
14.2,75.2,11.3,0.722,0.402,2.2,0.314,37.0,2,15.0,79.9,1
14.9,48.5,18.5,0.683,0.189,9.6,0.711,15.0,2,10.0,83.4,1
10.0,15.0,25.0,0.526,0.208,11.4,0.806,15.0,2,7.0,57.9,0
14.9,49.1,18.2,0.576,0.108,3.3,0.619,17.0,2,10.0,80.9,1
13.6,67.8,12.0,0.453,0.59,8.4,0.852,29.0,2,11.0,72.9,1
16.6,30.4,25.0,0.589,0.526,10.9,0.703,29.0,4,8.0,65.8,1
10.9,63.7,10.2,0.435,0.411,3.8,0.293,21.0,2,6.0,67.9,1
17.6,59.7,17.7,0.637,0.392,2.6,0.705,5.0,0,11.0,70.1,1
22.7,71.6,19.0,0.596,0.111,6.1,0.314,2.0,2,14.0,85.7,1
14.5,62.4,13.9,0.457,0.347,1.5,0.541,5.0,2,13.0,75.0,1
17.0,40.5,25.0,0.903,0.33,9.5,0.978,3.0,3,5.0,71.2,1
18.5,83.9,13.2,0.589,0.36,3.0,0.828,23.0,2,26.0,89.9,1
13.0,56.8,13.7,0.93,0.034,4.6,0.361,8.0,3,30.0,73.9,1
16.1,59.5,16.3,0.612,0.163,7.9,0.823,21.0,2,16.0,98.9,1
15.1,41.3,21.9,0.863,0.106,7.3,0.505,14.0,4,17.0,70.6,1
15.5,51.1,18.2,0.856,0.155,7.8,0.862,8.0,1,12.0,82.9,1
11.1,42.3,15.8,0.893,0.193,3.3,0.813,6.0,1,13.0,87.2,1
15.1,56.5,16.0,0.797,0.28,6.4,0.656,7.0,1,3.0,76.3,1
17.5,94.2,11.1,0.649,0.351,8.7,0.905,4.0,1,10.0,73.9,1
22.3,32.6,25.0,0.832,0.522,3.7,0.674,43.0,2,10.0,89.1,1
19.8,27.7,25.0,0.88,0.136,13.6,0.623,12.0,3,29.0,96.6,1
25.8,89.4,17.3,0.682,0.405,4.7,0.711,14.0,7,9.0,90.1,1
11.2,55.8,12.0,0.693,0.272,1.4,0.764,13.0,3,26.0,75.9,1
19.4,46.6,24.9,0.534,0.047,4.7,0.807,23.0,2,11.0,78.3,1
15.9,80.8,11.8,0.88,0.295,10.8,0.582,7.0,2,8.0,83.1,1
25.9,47.9,25.0,0.313,0.501,2.9,0.472,30.0,2,3.0,60.4,1
11.0,96.5,6.8,0.686,0.486,2.8,0.923,10.0,1,13.0,72.4,1
10.8,73.6,8.8,0.538,0.22,6.7,0.835,10.0,1,7.0,85.8,1
12.0,50.2,14.3,0.76,0.254,2.6,0.718,34.0,3,4.0,74.2,1
4.4,103.1,2.5,0.652,0.399,2.5,0.501,7.0,3,15.0,59.3,0
12.4,47.9,15.5,0.566,0.364,3.2,0.717,18.0,3,13.0,67.2,1
11.2,74.8,9.0,0.666,0.304,12.4,0.648,13.0,2,14.0,84.1,1
15.8,66.0,14.3,0.66,0.188,7.1,0.74,8.0,4,11.0,92.0,1
16.7,86.0,11.7,0.817,0.452,5.5,0.62,20.0,2,7.0,91.7,1
24.4,91.2,16.0,0.785,0.181,3.3,0.746,4.0,2,6.0,82.5,1
19.8,60.6,19.5,0.898,0.444,8.6,0.716,8.0,2,24.0,94.8,1
12.1,44.9,16.2,0.613,0.112,7.6,0.684,14.0,1,16.0,89.7,1
10.5,69.2,9.1,0.736,0.376,12.9,0.654,39.0,2,19.0,89.2,1
17.5,46.4,22.6,0.781,0.107,2.9,0.683,36.0,0,10.0,83.3,1
8.4,100.3,5.0,0.553,0.428,2.7,0.558,18.0,3,6.0,64.3,1
24.2,62.7,23.1,0.933,0.528,1.4,0.886,11.0,3,6.0,84.6,1
20.9,52.7,23.8,0.742,0.274,7.2,0.794,2.0,3,11.0,87.3,1
12.7,63.7,11.9,0.855,0.368,6.2,0.699,26.0,3,7.0,84.9,1
6.4,33.1,11.7,0.736,0.502,4.2,0.849,28.0,1,3.0,59.5,0
21.8,40.6,25.0,0.3,0.473,1.4,0.763,18.0,1,15.0,67.2,1
14.4,84.0,10.3,0.893,0.155,11.5,0.641,11.0,2,19.0,98.8,1
21.2,46.9,25.0,0.63,0.223,6.0,0.645,24.0,2,8.0,83.3,1
7.0,39.1,10.8,0.915,0.563,10.3,0.692,13.0,0,4.0,68.8,1
12.0,70.7,10.2,0.728,0.261,10.8,0.878,12.0,0,12.0,76.3,1
15.0,83.7,10.8,0.882,0.365,7.1,0.655,3.0,0,10.0,85.7,1
15.2,74.4,12.3,0.978,0.2,7.7,0.768,23.0,2,9.0,100.0,1
12.7,79.9,9.6,0.646,0.279,3.6,0.633,15.0,1,14.0,85.5,1
18.1,44.9,24.2,0.713,0.585,5.7,0.624,36.0,3,12.0,87.1,1
9.7,31.6,18.4,0.767,0.219,9.3,0.543,8.0,1,14.0,71.8,1
14.3,90.0,9.5,0.74,0.274,3.2,0.469,6.0,2,11.0,72.9,1
15.6,53.5,17.5,0.51,0.236,8.9,0.701,28.0,3,7.0,82.4,1
17.6,55.0,19.2,0.774,0.449,8.6,0.732,32.0,1,6.0,86.8,1
18.6,86.6,12.9,0.733,0.342,8.5,0.588,14.0,4,11.0,97.7,1
9.4,71.1,7.9,0.773,0.189,5.5,0.828,25.0,1,18.0,90.3,1
7.3,69.1,6.4,0.91,0.07,3.3,0.596,10.0,2,11.0,80.1,1
21.4,103.3,12.4,0.706,0.287,13.6,0.787,11.0,1,7.0,82.4,1
16.7,47.1,21.2,0.58,0.423,11.1,0.55,18.0,4,12.0,62.7,1
11.3,78.6,8.6,0.98,0.254,5.5,0.644,11.0,4,12.0,84.7,1
22.8,61.1,22.3,0.376,0.367,6.2,0.881,16.0,0,7.0,80.5,1
15.6,65.4,14.3,0.862,0.271,4.5,0.618,15.0,3,29.0,89.1,1
20.9,90.6,13.8,0.728,0.401,1.5,0.581,5.0,1,17.0,95.9,1
15.3,70.2,13.1,0.895,0.463,5.1,0.579,16.0,2,10.0,74.1,1
25.3,70.8,21.5,0.884,0.053,7.2,0.531,5.0,0,28.0,82.3,1
23.8,81.5,17.5,0.556,0.222,3.8,0.677,23.0,2,13.0,87.8,1
13.8,52.7,15.7,0.798,0.227,4.4,0.457,28.0,3,13.0,78.5,1
19.9,43.2,25.0,0.621,0.258,4.4,0.616,12.0,0,23.0,79.5,1
18.2,39.1,25.0,0.422,0.139,5.7,0.76,39.0,4,17.0,79.4,1
21.8,20.7,25.0,0.513,0.33,4.7,0.633,32.0,0,14.0,66.1,1
10.2,101.1,6.0,0.772,0.17,3.1,0.604,16.0,6,8.0,86.0,1
18.4,37.9,25.0,0.857,0.285,5.7,0.73,11.0,4,11.0,67.9,1
20.3,55.6,21.9,0.803,0.25,6.9,0.908,27.0,7,10.0,82.1,1
6.2,54.5,6.8,0.599,0.116,6.0,0.85,39.0,0,7.0,63.0,1
9.1,66.1,8.2,0.503,0.207,1.4,0.471,17.0,2,30.0,75.0,1
4.8,76.3,3.8,0.54,0.4,7.7,0.795,9.0,0,17.0,65.8,1
13.7,77.2,10.6,0.831,0.179,2.5,0.486,22.0,1,10.0,94.4,1
18.6,48.3,23.1,0.95,0.343,6.9,0.85,13.0,2,13.0,89.9,1
22.5,56.7,23.8,0.907,0.278,7.1,0.939,6.0,2,10.0,96.3,1
15.4,65.7,14.0,0.867,0.052,1.9,0.77,10.0,2,7.0,86.8,1
23.1,55.0,25.0,0.741,0.062,8.8,0.722,28.0,1,3.0,81.9,1
8.1,92.1,5.3,0.967,0.114,13.5,0.649,12.0,4,14.0,87.4,1
6.5,69.8,5.6,0.462,0.102,4.5,0.755,9.0,2,11.0,72.4,1
14.7,74.7,11.8,0.796,0.735,6.9,0.935,33.0,3,20.0,91.5,1
16.9,73.3,13.9,0.865,0.385,4.0,0.652,28.0,2,8.0,83.1,1
14.8,83.5,10.7,0.476,0.232,2.5,0.391,10.0,3,20.0,79.4,1
4.7,63.6,4.4,0.723,0.238,9.3,0.679,45.0,1,22.0,73.0,1
14.6,34.1,25.0,0.693,0.204,7.0,0.713,13.0,2,4.0,64.3,1
8.5,68.0,7.5,0.682,0.419,3.5,0.965,17.0,5,19.0,69.8,1
18.3,47.0,23.4,0.514,0.188,2.5,0.74,14.0,3,17.0,76.4,1
16.8,49.4,20.4,0.934,0.244,13.9,0.808,7.0,2,10.0,74.5,1
10.3,71.7,8.6,0.679,0.397,2.1,0.934,12.0,0,20.0,70.7,1
12.4,84.8,8.8,0.597,0.221,7.5,0.656,13.0,1,18.0,85.7,1
9.7,60.4,9.6,0.644,0.077,5.9,0.661,2.0,2,12.0,65.3,1
14.7,66.2,13.3,0.718,0.551,8.3,0.666,17.0,4,4.0,75.0,1
19.8,94.0,12.6,0.838,0.305,11.9,0.529,25.0,1,9.0,93.4,1
10.1,64.8,9.3,0.849,0.388,0.7,0.894,5.0,5,19.0,78.7,1
17.5,112.0,9.4,0.875,0.383,2.7,0.537,22.0,3,13.0,84.4,1
12.3,71.3,10.4,0.966,0.427,5.0,0.569,29.0,2,8.0,87.6,1
11.0,24.8,25.0,0.815,0.124,12.4,0.807,12.0,5,11.0,81.8,1
14.5,75.1,11.6,0.938,0.093,4.1,0.327,45.0,3,12.0,98.6,1
9.8,67.6,8.7,0.671,0.555,3.6,0.672,17.0,1,6.0,67.3,1
12.2,85.8,8.6,0.703,0.322,1.0,0.757,2.0,2,8.0,67.6,1
9.0,73.5,7.4,0.72,0.006,3.4,0.829,4.0,3,30.0,76.9,1
24.8,57.2,25.0,0.832,0.324,7.4,0.914,17.0,0,1.0,87.5,1
15.2,35.5,25.0,0.571,0.107,5.0,0.2,21.0,2,11.0,66.9,1
11.5,55.8,12.4,0.859,0.174,3.4,0.508,14.0,3,19.0,77.3,1
16.1,43.0,22.4,0.663,0.283,14.0,0.785,16.0,2,11.0,75.9,1
14.4,48.4,17.9,0.695,0.184,4.5,0.6,14.0,0,8.0,71.8,1
13.9,71.8,11.6,0.624,0.552,5.7,0.657,8.0,1,9.0,72.6,1
18.1,93.4,11.6,0.63,0.085,3.2,0.718,15.0,1,29.0,80.8,1
18.8,67.9,16.6,0.676,0.373,2.4,0.615,3.0,2,16.0,81.4,1
12.3,36.1,20.5,0.767,0.27,8.0,0.244,10.0,2,15.0,72.2,1
12.1,68.9,10.6,0.339,0.107,1.6,0.828,20.0,3,10.0,71.6,1
13.6,83.9,9.7,0.737,0.446,7.0,0.483,6.0,4,13.0,90.0,1
3.5,47.8,4.4,0.882,0.313,0.5,0.391,11.0,2,6.0,62.2,1
7.4,57.3,7.8,0.627,0.074,6.5,0.863,15.0,0,30.0,67.6,1
21.8,60.3,21.7,0.893,0.375,2.6,0.684,43.0,0,16.0,84.3,1
23.2,44.3,25.0,0.813,0.183,3.0,0.92,27.0,3,11.0,91.3,1
13.8,73.0,11.3,0.894,0.537,4.5,0.886,3.0,2,12.0,80.7,1
17.9,57.6,18.6,0.575,0.408,2.3,0.601,50.0,1,15.0,82.7,1
16.6,68.4,14.5,0.74,0.302,1.3,0.845,34.0,5,6.0,80.7,1
30.4,42.3,25.0,0.417,0.269,4.8,0.83,16.0,1,9.0,78.6,1
20.6,51.3,24.1,0.623,0.543,8.2,0.329,24.0,3,6.0,69.2,1
14.4,74.4,11.6,0.873,0.221,6.1,0.605,7.0,4,16.0,81.1,1
10.2,52.5,11.7,0.452,0.036,9.9,0.909,13.0,4,5.0,70.2,1
7.0,94.5,4.4,0.764,0.3,1.4,0.86,7.0,6,6.0,66.7,1
16.0,52.0,18.5,0.512,0.357,4.1,0.883,21.0,1,18.0,86.0,1
11.2,64.5,10.4,0.418,0.172,5.4,0.67,50.0,4,13.0,93.1,1
7.9,78.7,6.0,0.856,0.208,3.0,0.8,10.0,4,27.0,86.7,1
11.8,31.6,22.3,0.786,0.271,5.6,0.848,12.0,1,9.0,78.8,1
9.6,24.8,23.2,0.432,0.042,9.6,0.701,14.0,1,10.0,71.9,1
23.4,29.5,25.0,0.485,0.482,7.1,0.675,10.0,3,24.0,85.0,1
19.4,85.3,13.7,0.773,0.27,10.4,0.726,20.0,7,20.0,95.7,1
15.0,49.0,18.3,0.845,0.621,6.3,0.895,29.0,7,18.0,89.3,1
22.4,111.2,12.1,0.56,0.469,5.0,0.922,9.0,1,7.0,81.8,1
15.4,48.7,19.0,0.836,0.254,12.0,0.615,14.0,2,7.0,84.0,1
10.7,63.7,10.1,0.785,0.139,5.7,0.698,22.0,3,11.0,83.1,1
22.6,90.8,14.9,0.688,0.343,13.5,0.691,6.0,2,10.0,96.6,1
17.7,100.1,10.6,0.871,0.458,8.9,0.783,5.0,4,7.0,88.8,1
9.8,101.2,5.8,0.553,0.106,3.5,0.646,8.0,3,9.0,72.2,1
14.0,84.2,10.0,0.679,0.101,4.7,0.517,23.0,0,11.0,80.8,1
10.6,80.5,7.9,0.629,0.497,11.9,0.724,6.0,1,20.0,77.4,1
8.1,71.9,6.8,0.72,0.35,9.9,0.834,9.0,1,23.0,81.6,1
19.6,75.6,15.6,0.654,0.307,8.1,0.479,14.0,4,16.0,77.1,1
24.5,49.0,25.0,0.477,0.23,7.6,0.377,15.0,5,4.0,71.7,1
8.0,43.6,11.0,0.765,0.463,2.2,0.751,12.0,2,21.0,79.6,1
17.8,59.9,17.8,0.945,0.157,2.5,0.868,14.0,2,16.0,92.0,1
11.7,56.6,12.5,0.781,0.153,6.1,0.814,3.0,6,18.0,79.4,1
12.6,50.9,14.8,0.792,0.126,3.0,0.593,8.0,2,7.0,75.1,1
12.0,73.9,9.8,0.753,0.15,4.5,0.787,24.0,3,24.0,86.3,1
10.7,79.1,8.1,0.913,0.226,4.3,0.403,8.0,2,10.0,79.5,1
15.2,61.8,14.8,0.93,0.795,7.4,0.831,16.0,5,7.0,73.7,1
10.8,89.6,7.3,0.726,0.315,6.3,0.419,15.0,0,17.0,74.0,1
16.4,37.2,25.0,0.696,0.369,9.5,0.293,23.0,0,11.0,71.6,1
14.7,56.1,15.8,0.768,0.142,6.3,0.365,25.0,0,16.0,85.1,1
13.8,45.7,18.1,0.527,0.362,6.1,0.887,30.0,1,9.0,80.6,1
10.5,22.7,25.0,0.546,0.238,5.3,0.932,36.0,3,5.0,74.1,1
12.1,58.3,12.5,0.871,0.204,10.3,0.898,6.0,1,9.0,78.2,1
18.8,57.6,19.6,0.779,0.505,5.4,0.922,2.0,3,5.0,73.5,1
17.5,90.3,11.6,0.593,0.42,3.4,0.314,10.0,1,16.0,92.8,1
10.1,72.6,8.4,0.692,0.185,7.8,0.855,6.0,3,2.0,73.3,1
15.5,39.5,23.5,0.479,0.345,5.0,0.677,7.0,1,20.0,65.8,1
18.8,97.1,11.6,0.714,0.556,8.8,0.621,20.0,4,5.0,89.9,1
6.7,84.4,4.7,0.538,0.621,10.9,0.685,29.0,1,19.0,82.2,1
17.7,71.6,14.8,0.752,0.333,4.7,0.861,16.0,6,15.0,86.2,1
11.7,55.5,12.6,0.703,0.466,10.7,0.522,8.0,6,3.0,66.3,1
17.9,40.8,25.0,0.876,0.388,9.0,0.961,17.0,3,12.0,75.1,1
11.2,52.6,12.8,0.872,0.284,3.8,0.551,23.0,1,4.0,87.7,1
6.0,81.8,4.4,0.9,0.18,3.1,0.812,3.0,1,12.0,64.6,1
6.9,97.7,4.2,0.644,0.361,2.9,0.62,11.0,2,7.0,66.3,1
15.2,90.9,10.1,0.834,0.262,2.5,0.935,11.0,2,3.0,76.3,1
16.3,50.2,19.5,0.765,0.371,10.1,0.726,12.0,0,15.0,72.4,1
10.5,37.6,16.7,0.751,0.175,4.8,0.466,6.0,2,10.0,70.3,1
18.2,62.8,17.4,0.581,0.366,13.0,0.685,17.0,1,11.0,78.6,1
6.7,24.6,16.3,0.684,0.156,3.5,0.572,18.0,5,3.0,65.2,1
14.7,66.5,13.2,0.822,0.123,3.9,0.689,6.0,1,3.0,93.0,1
8.9,57.0,9.4,0.974,0.541,7.2,0.777,33.0,1,9.0,82.2,1
11.7,50.7,13.9,0.722,0.334,12.6,0.598,5.0,2,19.0,84.6,1
15.2,28.1,25.0,0.879,0.116,3.8,0.308,8.0,0,16.0,76.0,1
10.7,70.3,9.1,0.78,0.283,8.4,0.669,4.0,1,14.0,74.8,1
13.1,49.3,15.9,0.797,0.32,5.4,0.576,4.0,3,22.0,75.4,1
20.0,36.6,25.0,0.625,0.373,7.3,0.36,15.0,0,8.0,71.6,1
12.1,15.0,25.0,0.614,0.463,3.2,0.689,8.0,4,15.0,64.3,1
19.2,59.4,19.4,0.727,0.307,7.9,0.91,25.0,1,4.0,85.2,1
9.4,95.4,5.9,0.754,0.163,4.5,0.711,7.0,0,30.0,78.9,1
17.6,93.2,11.4,0.575,0.113,4.0,0.659,8.0,4,7.0,78.0,1
22.2,50.9,25.0,0.632,0.292,5.2,0.783,23.0,3,14.0,83.4,1
2.6,48.0,3.3,0.969,0.391,7.5,0.763,5.0,1,27.0,68.8,1
11.0,69.4,9.5,0.923,0.212,4.8,0.663,9.0,3,9.0,71.0,1
17.9,40.0,25.0,0.356,0.176,4.1,0.689,33.0,2,14.0,59.0,0
14.0,66.0,12.7,0.464,0.178,4.9,0.454,1.0,3,12.0,63.5,1
16.9,75.3,13.4,0.532,0.185,4.9,0.83,3.0,1,8.0,90.6,1
12.0,84.5,8.5,0.809,0.287,7.2,0.744,37.0,1,7.0,82.2,1
15.4,58.0,16.0,0.667,0.244,4.2,0.293,18.0,2,5.0,81.9,1
14.2,55.9,15.3,0.485,0.1,4.2,0.887,17.0,1,1.0,62.5,1
20.8,42.4,25.0,0.584,0.507,3.2,0.89,3.0,6,10.0,66.0,1
16.3,43.5,22.5,0.595,0.457,7.4,0.698,14.0,3,7.0,60.9,1
16.7,55.5,18.1,0.814,0.203,5.8,0.868,6.0,5,7.0,84.8,1
12.9,67.3,11.5,0.7,0.271,10.2,0.583,26.0,1,15.0,100.0,1
12.6,78.3,9.6,0.37,0.124,9.5,0.349,26.0,1,12.0,79.1,1
12.8,43.9,17.5,0.701,0.213,6.1,0.893,8.0,3,19.0,94.6,1
17.0,89.9,11.3,0.755,0.018,5.0,0.864,19.0,0,8.0,87.1,1
12.9,54.6,14.2,0.98,0.213,5.4,0.513,17.0,1,5.0,90.6,1
16.4,59.6,16.6,0.808,0.362,3.6,0.631,12.0,0,16.0,94.6,1
25.4,45.1,25.0,0.641,0.229,3.2,0.815,6.0,2,16.0,83.1,1
19.4,15.0,25.0,0.855,0.238,2.9,0.644,9.0,2,13.0,74.0,1
13.4,77.7,10.3,0.666,0.439,4.8,0.69,25.0,2,6.0,68.5,1
21.0,74.7,16.9,0.748,0.324,0.7,0.786,33.0,1,11.0,88.6,1
13.0,54.4,14.3,0.788,0.156,12.3,0.816,10.0,1,5.0,83.5,1
4.8,61.3,4.7,0.759,0.392,14.0,0.792,36.0,1,7.0,90.3,1
10.0,70.3,8.5,0.744,0.233,2.7,0.93,18.0,1,21.0,71.7,1
5.6,28.7,11.8,0.425,0.602,14.0,0.846,12.0,1,8.0,63.1,1
13.2,49.4,16.1,0.582,0.255,2.8,0.8,11.0,0,18.0,62.5,1
15.1,75.9,11.9,0.764,0.118,5.4,0.694,7.0,2,13.0,80.7,1
23.4,34.9,25.0,0.451,0.176,6.7,0.928,20.0,3,26.0,91.0,1
16.6,65.9,15.2,0.3,0.229,5.7,0.769,40.0,2,13.0,87.1,1
13.9,32.9,25.0,0.58,0.477,3.8,0.817,12.0,6,13.0,72.4,1
19.1,69.3,16.6,0.888,0.201,3.7,0.62,6.0,2,4.0,87.5,1
3.9,59.3,4.0,0.689,0.105,8.4,0.778,23.0,7,7.0,80.2,1
16.2,27.7,25.0,0.52,0.137,10.4,0.823,10.0,0,9.0,72.1,1
18.9,83.3,13.6,0.901,0.07,1.5,0.779,7.0,2,30.0,87.7,1
7.6,45.3,10.1,0.437,0.33,6.2,0.34,3.0,2,7.0,45.4,0
20.7,43.8,25.0,0.839,0.221,7.5,0.722,20.0,4,5.0,81.6,1
16.7,64.0,15.6,0.695,0.387,6.0,0.719,30.0,2,4.0,82.8,1
12.9,83.0,9.3,0.4,0.415,2.1,0.496,4.0,1,4.0,70.9,1
18.2,39.7,25.0,0.74,0.251,7.2,0.769,10.0,1,30.0,81.5,1
26.4,61.2,25.0,0.624,0.474,9.6,0.911,11.0,6,12.0,87.1,1
15.9,68.6,13.9,0.676,0.057,3.2,0.527,7.0,3,6.0,82.5,1
16.2,73.9,13.2,0.751,0.385,3.8,0.886,35.0,0,22.0,86.4,1
12.7,63.5,12.0,0.727,0.487,6.0,0.795,3.0,2,28.0,83.6,1
10.8,52.7,12.2,0.834,0.263,5.1,0.89,18.0,5,6.0,95.7,1
19.2,43.4,25.0,0.676,0.188,3.8,0.42,21.0,1,8.0,90.3,1
10.7,61.7,10.4,0.961,0.549,2.4,0.69,7.0,2,20.0,76.2,1
15.4,38.6,23.9,0.645,0.144,4.0,0.72,5.0,0,16.0,71.7,1
12.6,15.0,25.0,0.847,0.287,1.1,0.91,8.0,3,10.0,81.0,1
17.4,68.7,15.2,0.84,0.174,7.6,0.886,2.0,1,21.0,87.4,1
16.7,78.1,12.8,0.665,0.163,3.4,0.604,9.0,2,3.0,84.2,1
20.2,15.0,25.0,0.565,0.104,8.3,0.65,10.0,2,5.0,68.3,1
12.4,39.8,18.8,0.887,0.519,4.7,0.794,46.0,3,7.0,81.3,1
13.7,72.4,11.3,0.84,0.141,5.8,0.761,2.0,3,6.0,88.7,1
10.1,101.1,6.0,0.689,0.194,1.7,0.639,12.0,1,2.0,66.4,1
12.8,60.4,12.7,0.659,0.371,7.9,0.659,23.0,1,8.0,76.9,1
16.9,45.4,22.3,0.765,0.267,14.0,0.794,41.0,1,15.0,75.9,1
18.8,56.3,20.0,0.822,0.182,4.2,0.693,3.0,0,17.0,89.6,1
10.4,87.5,7.1,0.67,0.173,5.7,0.621,45.0,5,17.0,95.1,1
19.3,47.1,24.7,0.826,0.275,6.2,0.626,10.0,2,20.0,82.6,1
21.8,44.0,25.0,0.748,0.181,2.2,0.532,10.0,2,14.0,83.2,1
17.1,50.3,20.3,0.894,0.391,2.7,0.633,4.0,2,8.0,73.8,1
24.4,40.9,25.0,0.833,0.379,7.3,0.584,14.0,2,3.0,92.1,1
11.1,62.5,10.7,0.98,0.297,3.2,0.694,45.0,1,3.0,79.4,1
8.8,92.5,5.7,0.795,0.353,4.6,0.478,14.0,1,12.0,77.1,1
6.1,66.5,5.5,0.966,0.194,5.8,0.898,6.0,1,6.0,81.8,1
22.5,55.0,24.5,0.656,0.268,7.4,0.458,8.0,0,11.0,83.9,1
18.3,54.2,20.2,0.899,0.182,4.8,0.713,8.0,4,5.0,63.8,1
14.7,28.7,25.0,0.955,0.526,4.9,0.82,37.0,3,22.0,77.8,1
16.4,77.7,12.7,0.557,0.125,14.0,0.749,43.0,2,9.0,85.9,1
9.4,58.4,9.6,0.815,0.251,9.1,0.52,3.0,5,9.0,75.3,1
27.2,56.4,25.0,0.331,0.286,4.3,0.622,5.0,4,10.0,63.5,1
15.6,123.9,7.6,0.784,0.262,4.9,0.4,5.0,3,1.0,63.6,1
15.5,66.0,14.1,0.845,0.487,13.7,0.604,8.0,3,21.0,100.0,1
18.6,45.0,24.9,0.561,0.217,7.5,0.68,48.0,2,5.0,85.6,1
17.4,51.5,20.3,0.591,0.281,9.7,0.65,44.0,1,10.0,80.9,1
16.1,83.0,11.7,0.721,0.347,4.2,0.643,13.0,4,11.0,85.2,1
11.0,62.3,10.6,0.824,0.294,3.9,0.781,9.0,3,6.0,77.8,1
17.4,31.2,25.0,0.513,0.311,11.9,0.473,1.0,2,15.0,75.3,1
24.4,78.4,18.7,0.662,0.167,5.1,0.78,16.0,5,19.0,94.8,1
21.7,46.6,25.0,0.507,0.104,5.1,0.308,14.0,3,3.0,75.9,1
23.0,97.5,14.1,0.952,0.197,4.1,0.865,4.0,1,16.0,97.4,1
12.4,81.6,9.1,0.738,0.387,9.5,0.52,18.0,1,2.0,68.6,1
10.1,51.1,11.8,0.601,0.289,6.0,0.961,26.0,3,6.0,87.1,1
14.4,85.6,10.1,0.861,0.256,2.5,0.768,4.0,0,7.0,73.7,1
15.3,61.4,14.9,0.678,0.224,3.8,0.7,9.0,4,8.0,87.2,1
20.5,77.1,15.9,0.907,0.601,10.7,0.723,25.0,1,21.0,95.2,1
6.5,69.7,5.6,0.529,0.571,6.1,0.737,7.0,1,8.0,72.2,1
22.6,43.1,25.0,0.751,0.257,9.6,0.6,8.0,2,8.0,74.4,1
14.2,47.1,18.1,0.819,0.083,6.7,0.404,9.0,3,4.0,72.5,1
12.9,80.6,9.6,0.867,0.756,2.8,0.701,19.0,2,13.0,69.2,1
9.9,53.3,11.2,0.789,0.8,7.2,0.76,28.0,2,9.0,73.9,1
6.7,51.9,7.8,0.604,0.485,5.2,0.419,39.0,2,14.0,80.0,1
19.1,40.9,25.0,0.793,0.235,3.9,0.742,27.0,1,4.0,90.8,1
15.4,68.5,13.5,0.512,0.569,4.1,0.807,13.0,1,27.0,61.4,1
8.6,101.3,5.1,0.728,0.444,9.4,0.686,21.0,3,17.0,80.5,1
8.5,38.6,13.2,0.718,0.274,6.2,0.516,4.0,0,30.0,48.1,0
13.3,60.5,13.2,0.524,0.315,5.9,0.512,50.0,2,11.0,86.2,1
23.3,88.2,15.9,0.952,0.116,12.5,0.606,7.0,3,19.0,100.0,1
13.7,58.4,14.1,0.415,0.465,3.5,0.519,20.0,4,27.0,75.7,1
7.5,69.0,6.5,0.819,0.431,5.1,0.661,15.0,5,13.0,74.9,1
13.8,38.8,21.3,0.919,0.247,3.6,0.764,4.0,0,10.0,68.9,1
13.6,68.6,11.9,0.68,0.097,7.1,0.428,7.0,2,8.0,71.7,1
2.0,56.3,2.1,0.715,0.167,6.0,0.321,30.0,2,9.0,69.9,1
14.7,79.7,11.1,0.754,0.135,4.3,0.831,12.0,1,12.0,82.5,1
13.8,83.7,9.9,0.878,0.393,4.6,0.638,6.0,0,9.0,81.7,1
18.5,111.8,9.9,0.945,0.26,8.9,0.874,10.0,1,16.0,93.8,1
24.2,71.6,20.3,0.52,0.449,10.2,0.747,6.0,3,23.0,77.0,1
20.6,66.5,18.6,0.98,0.075,3.8,0.548,8.0,1,5.0,78.9,1
13.7,63.9,12.8,0.85,0.408,14.0,0.57,3.0,2,5.0,64.7,1
9.5,52.9,10.7,0.835,0.307,2.2,0.604,13.0,0,8.0,79.3,1
27.9,66.8,25.0,0.674,0.395,2.7,0.511,15.0,2,3.0,78.3,1
15.3,54.1,17.0,0.74,0.151,4.5,0.684,8.0,4,26.0,89.3,1
15.1,63.4,14.3,0.827,0.251,3.3,0.3,30.0,1,20.0,96.3,1
14.9,86.4,10.3,0.452,0.215,3.1,0.816,9.0,2,9.0,72.6,1
16.0,39.9,24.1,0.747,0.465,10.1,0.905,12.0,2,10.0,71.0,1
14.3,82.8,10.3,0.83,0.08,7.2,0.768,8.0,1,13.0,84.9,1
12.1,86.3,8.4,0.732,0.109,5.6,0.739,10.0,4,6.0,81.3,1
12.3,57.6,12.8,0.914,0.12,3.9,0.447,22.0,1,9.0,94.3,1
14.8,17.6,25.0,0.348,0.11,2.8,0.675,4.0,1,7.0,71.7,1
12.3,47.8,15.4,0.968,0.12,2.7,0.733,18.0,1,11.0,88.1,1
11.4,85.9,8.0,0.712,0.249,10.1,0.684,7.0,3,11.0,89.5,1
15.5,59.5,15.7,0.873,0.329,9.8,0.793,4.0,3,10.0,83.2,1
13.7,40.0,20.6,0.933,0.092,4.6,0.741,10.0,3,19.0,81.7,1
22.5,49.9,25.0,0.566,0.242,2.0,0.913,20.0,4,10.0,80.9,1
2.0,76.8,2.0,0.623,0.303,7.6,0.918,10.0,2,10.0,57.3,0
20.5,70.9,17.3,0.688,0.403,4.6,0.845,6.0,3,4.0,91.7,1
21.2,55.2,23.1,0.65,0.051,9.1,0.381,43.0,0,16.0,89.7,1
4.6,52.7,5.3,0.566,0.345,2.7,0.767,16.0,2,12.0,65.4,1
13.3,52.2,15.3,0.786,0.304,5.6,0.68,14.0,1,17.0,80.4,1
13.1,41.6,19.0,0.794,0.239,2.5,0.435,19.0,1,6.0,65.1,1
8.0,92.3,5.2,0.434,0.171,3.4,0.823,21.0,0,5.0,61.5,1
11.1,53.6,12.4,0.59,0.108,3.3,0.909,9.0,1,9.0,77.3,1
9.4,84.3,6.7,0.86,0.072,4.5,0.675,24.0,2,3.0,77.0,1
23.8,90.4,15.8,0.749,0.388,10.5,0.788,3.0,4,26.0,95.5,1
19.7,80.0,14.8,0.579,0.087,5.8,0.952,20.0,5,9.0,92.9,1
21.4,51.4,24.9,0.736,0.117,8.3,0.588,9.0,1,2.0,74.3,1
18.6,68.1,16.4,0.568,0.322,5.6,0.811,30.0,2,8.0,79.9,1
9.4,59.5,9.4,0.551,0.027,4.2,0.498,9.0,2,10.0,59.7,0
12.4,41.9,17.7,0.931,0.269,1.2,0.631,27.0,2,23.0,84.1,1
17.4,66.5,15.7,0.846,0.195,2.8,0.52,17.0,0,11.0,87.4,1
8.9,36.4,14.6,0.887,0.305,5.3,0.934,23.0,3,4.0,67.9,1
18.6,83.8,13.3,0.58,0.15,5.9,0.298,14.0,2,13.0,82.7,1
13.8,50.7,16.3,0.781,0.228,9.2,0.535,2.0,1,11.0,78.5,1
13.1,64.0,12.3,0.622,0.328,1.7,0.326,29.0,4,9.0,68.6,1
18.6,65.7,17.0,0.67,0.514,14.0,0.269,30.0,0,8.0,91.7,1
17.2,54.8,18.8,0.664,0.181,1.2,0.588,10.0,4,18.0,80.6,1
13.2,71.7,11.0,0.816,0.173,5.1,0.768,7.0,4,11.0,82.2,1
20.8,50.5,24.7,0.669,0.109,3.7,0.672,25.0,1,10.0,80.9,1
9.6,77.4,7.4,0.578,0.231,2.8,0.586,16.0,1,20.0,61.2,1
18.1,33.1,25.0,0.728,0.431,12.1,0.823,12.0,1,17.0,85.8,1
18.0,62.5,17.2,0.666,0.363,3.8,0.854,19.0,4,13.0,80.1,1
13.5,98.8,8.2,0.826,0.344,1.6,0.892,10.0,0,7.0,75.3,1
16.6,40.0,25.0,0.598,0.409,2.3,0.77,30.0,2,9.0,77.0,1
8.7,46.4,11.3,0.517,0.179,9.8,0.637,11.0,2,10.0,82.1,1
19.6,70.3,16.8,0.71,0.018,2.3,0.38,25.0,2,4.0,79.6,1
14.1,63.6,13.3,0.963,0.164,2.0,0.946,14.0,4,8.0,84.7,1
12.4,67.0,11.1,0.614,0.39,6.0,0.796,17.0,4,11.0,88.1,1
20.2,69.8,17.4,0.728,0.13,4.5,0.875,42.0,4,15.0,100.0,1
11.5,72.7,9.5,0.577,0.407,6.9,0.723,9.0,2,15.0,78.5,1
8.0,82.2,5.8,0.81,0.251,4.2,0.856,23.0,4,3.0,70.9,1
7.2,68.2,6.3,0.897,0.288,8.0,0.394,36.0,3,8.0,75.8,1
18.0,55.2,19.6,0.901,0.402,2.1,0.832,23.0,2,6.0,85.9,1
8.6,73.5,7.0,0.927,0.201,1.8,0.716,31.0,4,3.0,74.4,1
23.8,98.0,14.6,0.836,0.571,6.3,0.739,15.0,2,10.0,80.1,1
4.6,57.3,4.8,0.727,0.253,4.5,0.81,22.0,2,8.0,67.7,1
23.5,40.5,25.0,0.698,0.559,4.0,0.641,26.0,1,11.0,88.5,1
16.1,82.1,11.7,0.712,0.296,7.6,0.824,14.0,2,15.0,86.8,1
14.5,57.6,15.1,0.774,0.174,14.0,0.517,7.0,0,13.0,91.1,1
12.3,16.5,25.0,0.665,0.374,1.9,0.63,6.0,2,28.0,67.2,1
17.0,76.9,13.3,0.872,0.302,10.7,0.37,39.0,1,12.0,85.2,1
14.8,49.3,18.0,0.522,0.095,7.8,0.541,35.0,1,23.0,95.2,1
20.5,58.2,21.2,0.507,0.496,3.9,0.619,8.0,3,5.0,70.2,1
15.6,66.6,14.0,0.852,0.343,12.6,0.905,31.0,3,13.0,100.0,1
15.8,63.8,14.8,0.919,0.525,2.3,0.521,19.0,2,7.0,71.8,1
13.2,74.2,10.7,0.767,0.296,6.8,0.48,14.0,3,9.0,86.5,1
14.7,51.3,17.2,0.768,0.15,4.7,0.712,7.0,2,17.0,90.6,1
16.5,70.3,14.1,0.887,0.305,3.9,0.411,12.0,2,9.0,83.9,1
6.4,54.8,7.1,0.787,0.303,2.5,0.413,6.0,1,19.0,60.6,1
8.3,74.8,6.6,0.751,0.177,14.0,0.842,11.0,2,7.0,79.5,1
18.7,72.3,15.5,0.511,0.196,3.9,0.661,6.0,0,5.0,80.2,1
15.9,41.3,23.0,0.791,0.242,0.9,0.873,4.0,1,12.0,72.7,1
14.1,81.7,10.3,0.66,0.524,8.5,0.468,31.0,2,12.0,84.1,1
15.1,49.3,18.4,0.948,0.051,6.5,0.658,12.0,1,9.0,93.9,1
16.7,76.2,13.2,0.501,0.216,4.5,0.687,18.0,1,15.0,77.2,1
12.3,67.3,11.0,0.582,0.526,4.2,0.667,9.0,3,2.0,60.2,1
11.1,96.8,6.9,0.614,0.094,5.1,0.799,11.0,3,6.0,78.1,1
16.0,55.5,17.3,0.503,0.795,8.6,0.649,6.0,3,14.0,68.5,1
10.1,53.0,11.4,0.863,0.402,6.5,0.965,39.0,2,9.0,89.6,1
17.0,59.6,17.2,0.759,0.121,7.1,0.785,25.0,4,7.0,84.1,1
6.5,53.9,7.2,0.412,0.298,7.1,0.751,8.0,2,12.0,72.4,1
20.1,76.0,15.9,0.724,0.165,8.8,0.438,6.0,2,18.0,97.9,1
17.4,27.7,25.0,0.501,0.153,10.2,0.213,4.0,1,13.0,66.7,1
16.3,38.9,25.0,0.844,0.311,3.4,0.778,15.0,1,16.0,77.1,1
19.9,38.6,25.0,0.446,0.04,6.0,0.789,23.0,1,13.0,75.1,1
23.3,79.0,17.7,0.799,0.054,10.0,0.62,22.0,1,21.0,98.1,1
20.1,94.2,12.8,0.65,0.318,3.4,0.72,9.0,1,8.0,80.1,1
5.8,57.9,6.0,0.618,0.181,11.2,0.803,11.0,3,19.0,86.2,1
8.6,56.6,9.1,0.709,0.364,3.4,0.287,6.0,2,3.0,62.0,1
11.9,61.4,11.6,0.921,0.261,6.6,0.723,7.0,0,5.0,66.6,1
15.1,83.2,10.9,0.464,0.156,4.5,0.677,31.0,2,15.0,85.7,1
17.6,41.5,25.0,0.576,0.379,4.1,0.5,2.0,1,4.0,68.0,1
11.4,64.8,10.5,0.821,0.302,6.9,0.773,2.0,2,9.0,75.0,1
15.9,79.5,12.0,0.774,0.767,10.3,0.745,8.0,2,21.0,90.8,1
11.2,70.0,9.6,0.394,0.186,4.5,0.306,39.0,4,5.0,78.7,1
11.9,63.8,11.2,0.735,0.096,10.8,0.435,14.0,5,17.0,77.1,1
8.0,80.0,6.0,0.743,0.476,3.3,0.738,50.0,1,8.0,71.8,1
10.4,15.0,25.0,0.674,0.229,10.4,0.641,10.0,0,5.0,64.5,1
8.2,73.6,6.7,0.869,0.112,5.7,0.532,22.0,1,11.0,66.8,1
10.1,46.9,12.9,0.688,0.312,6.4,0.57,29.0,4,20.0,82.6,1
20.3,23.4,25.0,0.894,0.292,2.5,0.774,50.0,2,4.0,73.5,1
10.3,70.2,8.8,0.661,0.254,4.0,0.497,8.0,1,4.0,75.4,1
28.2,87.5,19.3,0.553,0.362,5.2,0.658,14.0,1,15.0,99.8,1
17.5,57.3,18.3,0.84,0.185,9.6,0.704,12.0,4,7.0,93.4,1
15.9,79.1,12.1,0.78,0.464,4.7,0.715,23.0,2,29.0,83.6,1
10.7,92.2,7.0,0.783,0.336,3.2,0.694,36.0,1,12.0,81.8,1
18.5,86.3,12.9,0.849,0.104,6.1,0.907,36.0,2,18.0,96.9,1
12.1,92.8,7.8,0.704,0.371,14.0,0.69,8.0,2,12.0,73.1,1
15.6,74.8,12.5,0.89,0.206,6.5,0.697,7.0,5,4.0,82.8,1
27.8,61.5,25.0,0.607,0.774,4.6,0.827,22.0,3,6.0,86.5,1
14.5,28.0,25.0,0.714,0.176,6.1,0.583,5.0,4,6.0,70.0,1
20.7,55.1,22.6,0.742,0.109,3.0,0.853,24.0,1,14.0,95.9,1
11.5,43.1,16.0,0.791,0.161,11.6,0.688,14.0,2,10.0,88.0,1
14.8,103.4,8.6,0.389,0.224,11.5,0.607,32.0,2,3.0,86.2,1
23.9,56.5,25.0,0.961,0.227,2.9,0.492,29.0,0,15.0,76.4,1
11.9,62.5,11.4,0.739,0.36,11.4,0.746,15.0,1,30.0,82.8,1
24.1,71.0,20.3,0.689,0.068,6.2,0.48,5.0,0,5.0,70.7,1
18.5,60.9,18.3,0.398,0.131,7.9,0.713,5.0,3,6.0,78.7,1
12.2,93.9,7.8,0.771,0.269,5.3,0.742,14.0,3,7.0,75.6,1
18.2,47.5,22.9,0.319,0.091,5.6,0.552,19.0,1,10.0,68.5,1
19.9,63.9,18.7,0.588,0.386,3.6,0.609,10.0,0,5.0,84.0,1
18.1,45.2,24.1,0.599,0.135,3.0,0.787,6.0,1,20.0,78.8,1
7.1,33.6,12.8,0.614,0.182,2.9,0.799,11.0,2,25.0,80.4,1
11.4,47.8,14.3,0.837,0.087,9.8,0.878,33.0,1,11.0,77.6,1
13.8,59.3,13.9,0.745,0.08,5.9,0.728,11.0,0,10.0,80.6,1
14.6,51.4,17.1,0.622,0.467,3.1,0.903,8.0,2,3.0,80.1,1
18.1,46.2,23.5,0.473,0.235,5.7,0.809,5.0,5,5.0,81.9,1
15.9,31.9,25.0,0.5,0.151,1.7,0.647,13.0,0,2.0,53.0,0
8.3,58.3,8.6,0.844,0.401,3.0,0.772,29.0,2,7.0,73.3,1
16.9,29.9,25.0,0.795,0.736,10.3,0.705,30.0,3,8.0,82.6,1
18.1,75.2,14.4,0.64,0.218,3.8,0.868,7.0,2,15.0,83.6,1
17.8,61.6,17.3,0.969,0.47,9.6,0.779,15.0,2,11.0,83.5,1
20.4,30.8,25.0,0.776,0.435,5.0,0.346,7.0,2,6.0,59.9,0
19.2,53.8,21.4,0.702,0.299,7.9,0.833,10.0,2,15.0,73.7,1
17.3,45.0,23.1,0.62,0.24,2.5,0.81,13.0,3,30.0,67.9,1
14.6,66.4,13.2,0.862,0.665,7.2,0.477,9.0,1,16.0,76.0,1
6.7,86.8,4.6,0.664,0.1,1.0,0.623,39.0,6,8.0,83.8,1
17.1,22.5,25.0,0.822,0.526,4.1,0.536,8.0,2,12.0,60.5,1
16.0,62.3,15.4,0.785,0.216,10.7,0.795,8.0,4,5.0,88.2,1
16.4,56.8,17.3,0.838,0.184,5.4,0.722,7.0,1,5.0,87.9,1
8.6,73.4,7.0,0.507,0.084,2.9,0.704,3.0,2,26.0,72.3,1
9.6,64.3,9.0,0.633,0.213,10.2,0.648,40.0,1,12.0,69.8,1
20.3,45.0,25.0,0.564,0.092,14.0,0.608,13.0,2,18.0,87.3,1
14.8,53.6,16.6,0.403,0.47,4.6,0.778,19.0,1,9.0,72.3,1
18.4,44.1,25.0,0.853,0.259,1.8,0.394,17.0,7,5.0,75.6,1
15.1,81.5,11.1,0.622,0.379,5.5,0.411,9.0,2,4.0,69.2,1
15.1,60.4,15.0,0.709,0.219,8.2,0.681,13.0,0,6.0,80.0,1
19.7,98.0,12.1,0.693,0.359,4.7,0.308,22.0,1,13.0,87.7,1
12.4,58.8,12.7,0.864,0.146,1.1,0.772,4.0,4,4.0,94.1,1
15.5,45.8,20.3,0.474,0.187,7.7,0.943,10.0,3,11.0,74.5,1
12.7,29.7,25.0,0.553,0.127,3.3,0.387,11.0,0,14.0,72.9,1
12.8,23.9,25.0,0.676,0.387,4.0,0.781,9.0,1,5.0,65.7,1
13.5,28.3,25.0,0.816,0.168,1.8,0.899,8.0,0,30.0,74.2,1
16.1,65.3,14.8,0.838,0.382,0.8,0.733,15.0,3,17.0,85.5,1
12.6,70.2,10.8,0.617,0.021,2.5,0.672,34.0,3,10.0,75.3,1
21.3,28.4,25.0,0.98,0.556,3.8,0.814,19.0,2,6.0,83.1,1
10.5,77.9,8.1,0.602,0.224,3.8,0.365,7.0,0,12.0,52.8,0
14.1,50.3,16.8,0.551,0.373,11.9,0.792,50.0,2,12.0,80.9,1
12.8,62.9,12.2,0.943,0.021,2.7,0.401,34.0,3,11.0,88.2,1
22.2,92.2,14.5,0.845,0.051,9.2,0.647,9.0,1,13.0,100.0,1
16.0,77.9,12.3,0.874,0.795,5.8,0.634,34.0,3,5.0,91.5,1
20.2,54.6,22.1,0.574,0.178,12.9,0.592,16.0,4,16.0,82.4,1
7.6,42.2,10.8,0.925,0.531,5.1,0.48,5.0,4,4.0,67.0,1
16.3,17.0,25.0,0.655,0.137,1.2,0.726,31.0,3,4.0,82.4,1
19.4,45.6,25.0,0.677,0.275,4.8,0.473,7.0,3,2.0,62.0,1
15.4,55.8,16.6,0.711,0.255,0.8,0.584,19.0,1,15.0,82.8,1
20.3,40.3,25.0,0.484,0.143,2.4,0.331,15.0,2,13.0,66.9,1
12.4,57.4,13.0,0.945,0.239,4.9,0.727,20.0,1,10.0,82.2,1
22.0,61.5,21.5,0.821,0.099,4.9,0.703,42.0,2,7.0,87.7,1
26.5,55.5,25.0,0.45,0.596,9.0,0.386,13.0,4,8.0,79.5,1
13.2,47.0,16.8,0.556,0.274,6.9,0.513,5.0,0,5.0,71.4,1
12.8,63.4,12.1,0.419,0.239,12.2,0.673,7.0,2,12.0,81.9,1
22.3,68.8,19.4,0.638,0.096,9.0,0.623,4.0,2,2.0,89.6,1
22.9,38.2,25.0,0.844,0.312,8.4,0.966,3.0,3,3.0,84.0,1
12.4,88.2,8.4,0.573,0.091,14.0,0.767,29.0,1,5.0,98.3,1
12.9,58.0,13.3,0.732,0.098,8.7,0.781,15.0,1,11.0,73.0,1
13.6,60.4,13.5,0.482,0.141,11.1,0.676,12.0,4,10.0,92.6,1
8.3,74.2,6.7,0.785,0.036,1.7,0.744,9.0,5,21.0,78.4,1
10.4,64.7,9.7,0.38,0.09,4.4,0.505,24.0,2,9.0,76.3,1
10.0,79.1,7.6,0.837,0.275,6.7,0.297,37.0,1,16.0,77.8,1
11.2,65.7,10.2,0.956,0.293,5.6,0.875,6.0,2,11.0,75.7,1
14.8,47.8,18.6,0.827,0.098,3.3,0.956,19.0,3,2.0,90.1,1
16.2,67.2,14.4,0.723,0.354,8.4,0.912,27.0,2,5.0,94.5,1
22.8,37.1,25.0,0.475,0.393,9.6,0.854,16.0,4,5.0,83.3,1
10.0,62.2,9.7,0.923,0.421,5.1,0.253,23.0,3,6.0,70.3,1
19.9,59.3,20.1,0.951,0.467,4.5,0.768,5.0,3,8.0,100.0,1
13.9,55.8,15.0,0.659,0.209,3.9,0.212,38.0,2,19.0,89.7,1
14.8,57.4,15.4,0.472,0.167,8.6,0.731,24.0,4,9.0,90.1,1
18.4,22.4,25.0,0.748,0.241,4.5,0.852,20.0,4,7.0,77.7,1
9.4,49.0,11.5,0.807,0.297,5.5,0.757,26.0,2,17.0,76.3,1
16.9,61.9,16.4,0.788,0.413,10.4,0.825,10.0,2,17.0,85.5,1
15.8,63.2,15.0,0.895,0.058,6.3,0.509,5.0,0,2.0,87.3,1
17.5,39.4,25.0,0.501,0.317,5.5,0.321,4.0,1,10.0,56.0,0
16.4,85.3,11.6,0.646,0.216,3.7,0.282,4.0,2,20.0,70.1,1
27.3,42.7,25.0,0.945,0.241,5.3,0.641,19.0,1,9.0,95.1,1
11.8,79.4,8.9,0.583,0.231,3.3,0.552,10.0,4,5.0,74.8,1
12.3,68.5,10.8,0.605,0.146,6.1,0.769,36.0,0,16.0,77.5,1
11.9,47.1,15.1,0.508,0.288,4.0,0.76,31.0,2,4.0,67.7,1
12.2,95.5,7.7,0.843,0.316,4.3,0.587,24.0,2,11.0,91.9,1
11.8,36.1,19.6,0.656,0.306,5.3,0.464,21.0,4,9.0,77.8,1
20.9,78.4,16.0,0.312,0.179,13.1,0.773,7.0,1,3.0,73.4,1
22.1,80.0,16.6,0.92,0.206,6.6,0.454,9.0,4,18.0,86.2,1
12.1,46.6,15.6,0.646,0.042,2.5,0.84,7.0,2,13.0,75.8,1
10.8,87.8,7.4,0.751,0.137,4.5,0.473,5.0,3,22.0,83.3,1
17.4,55.0,18.9,0.742,0.073,3.7,0.812,12.0,2,10.0,91.4,1
12.2,65.8,11.2,0.604,0.41,3.6,0.812,27.0,1,5.0,83.0,1
18.2,65.2,16.7,0.914,0.164,3.7,0.555,12.0,1,3.0,74.4,1
16.0,57.3,16.8,0.901,0.287,4.6,0.698,7.0,4,17.0,87.8,1
7.4,76.2,5.8,0.661,0.25,3.4,0.858,12.0,2,5.0,80.7,1
22.7,75.9,18.0,0.724,0.226,3.4,0.773,15.0,1,30.0,100.0,1
24.0,25.0,25.0,0.713,0.098,3.7,0.634,9.0,3,26.0,90.2,1
11.9,86.1,8.3,0.736,0.193,3.6,0.771,12.0,3,10.0,96.7,1
13.1,26.8,25.0,0.706,0.477,3.1,0.462,50.0,0,8.0,70.9,1
16.4,80.7,12.2,0.674,0.402,7.5,0.706,4.0,5,6.0,86.5,1
16.7,82.5,12.1,0.777,0.527,4.2,0.616,2.0,0,7.0,71.7,1
18.3,38.2,25.0,0.859,0.562,4.7,0.4,14.0,5,30.0,73.2,1
25.1,51.8,25.0,0.758,0.239,4.5,0.869,18.0,1,8.0,80.8,1
14.1,37.9,22.4,0.936,0.389,3.5,0.765,12.0,2,13.0,75.0,1
11.0,55.7,11.9,0.647,0.197,3.0,0.596,6.0,4,14.0,72.2,1
8.1,53.8,9.0,0.878,0.268,7.9,0.78,36.0,1,18.0,71.0,1
11.3,75.6,9.0,0.726,0.282,3.1,0.847,14.0,1,13.0,70.3,1
14.8,86.2,10.3,0.712,0.39,3.2,0.264,15.0,2,10.0,72.7,1
24.0,87.9,16.4,0.844,0.464,9.3,0.627,24.0,5,6.0,100.0,1
12.4,48.8,15.3,0.848,0.246,3.8,0.925,11.0,3,14.0,83.0,1
16.1,55.8,17.3,0.91,0.284,5.3,0.853,11.0,4,12.0,87.7,1
14.9,26.3,25.0,0.817,0.232,4.3,0.413,36.0,1,7.0,67.0,1
20.9,43.9,25.0,0.855,0.279,5.2,0.894,3.0,1,13.0,79.9,1
27.6,79.3,20.9,0.841,0.263,11.7,0.715,17.0,6,9.0,100.0,1
12.3,92.3,8.0,0.95,0.355,3.3,0.545,16.0,1,12.0,80.8,1
12.6,35.3,21.3,0.827,0.136,7.5,0.354,9.0,1,15.0,59.7,0
20.2,48.2,25.0,0.789,0.163,7.9,0.728,12.0,2,11.0,74.6,1
18.4,59.5,18.6,0.641,0.436,7.6,0.65,33.0,2,16.0,92.0,1
24.2,65.6,22.2,0.669,0.329,11.4,0.469,7.0,2,11.0,80.0,1
17.9,43.8,24.5,0.554,0.194,1.2,0.574,23.0,1,18.0,73.8,1
13.2,68.5,11.6,0.738,0.584,2.0,0.577,13.0,6,8.0,69.5,1
18.0,50.5,21.3,0.413,0.035,2.9,0.634,21.0,2,5.0,76.7,1
20.5,59.7,20.6,0.882,0.257,3.9,0.218,18.0,1,12.0,76.0,1
19.1,70.9,16.2,0.653,0.243,6.2,0.817,1.0,1,24.0,83.9,1
17.5,60.1,17.5,0.669,0.451,3.0,0.894,6.0,4,17.0,76.3,1
20.3,51.3,23.8,0.375,0.201,3.0,0.73,7.0,2,24.0,81.7,1
20.8,57.8,21.6,0.848,0.242,5.6,0.82,6.0,1,7.0,78.5,1
21.9,58.2,22.6,0.811,0.278,7.0,0.253,8.0,0,10.0,79.3,1
18.2,52.6,20.8,0.746,0.115,5.2,0.5,15.0,1,5.0,67.4,1
14.2,54.8,15.5,0.73,0.296,7.2,0.743,26.0,1,4.0,93.7,1
15.7,92.0,10.3,0.841,0.271,1.8,0.644,4.0,2,22.0,92.0,1
21.0,71.2,17.7,0.3,0.482,3.4,0.83,14.0,4,21.0,69.4,1
10.9,54.1,12.1,0.7,0.685,2.8,0.608,17.0,1,14.0,62.8,1
16.8,73.9,13.7,0.876,0.477,3.8,0.414,29.0,3,7.0,86.9,1
13.0,53.3,14.7,0.456,0.226,5.1,0.287,38.0,2,15.0,67.6,1
15.1,83.5,10.9,0.479,0.108,1.5,0.897,11.0,2,20.0,81.6,1
21.4,67.4,19.0,0.809,0.163,3.7,0.852,6.0,4,26.0,99.2,1
16.0,57.9,16.5,0.561,0.176,3.4,0.423,17.0,1,4.0,74.2,1
15.2,69.0,13.3,0.801,0.105,1.9,0.699,6.0,1,8.0,84.0,1
8.2,28.6,17.2,0.526,0.453,7.3,0.71,16.0,2,8.0,62.3,1
18.7,37.5,25.0,0.742,0.395,5.2,0.476,7.0,2,9.0,55.3,0
18.2,36.1,25.0,0.629,0.25,3.8,0.545,19.0,3,14.0,82.8,1
25.8,62.9,24.6,0.766,0.236,12.6,0.645,8.0,1,2.0,92.7,1
13.5,94.7,8.5,0.542,0.361,2.0,0.868,36.0,3,7.0,98.3,1
16.1,104.6,9.2,0.822,0.3,13.0,0.889,13.0,1,8.0,74.2,1
16.2,72.8,13.4,0.518,0.214,4.5,0.909,3.0,1,11.0,82.6,1
22.9,70.0,19.6,0.715,0.219,3.2,0.659,26.0,3,12.0,80.5,1
14.5,24.0,25.0,0.601,0.443,3.9,0.561,12.0,2,9.0,76.2,1
16.4,49.1,20.0,0.904,0.154,4.1,0.722,20.0,5,29.0,91.2,1
18.0,44.2,24.5,0.792,0.443,13.9,0.886,26.0,0,9.0,74.7,1
15.9,47.6,20.1,0.649,0.325,6.2,0.881,14.0,6,14.0,82.9,1
12.8,56.6,13.5,0.954,0.566,2.5,0.356,4.0,1,15.0,66.5,1
16.0,50.6,19.0,0.584,0.22,7.9,0.674,15.0,2,6.0,82.8,1
20.4,20.4,25.0,0.743,0.104,4.1,0.39,33.0,4,6.0,83.4,1
9.9,75.0,7.9,0.579,0.315,0.6,0.804,12.0,3,15.0,85.2,1
15.7,38.5,24.4,0.546,0.136,7.8,0.572,18.0,3,21.0,89.8,1
11.5,64.8,10.7,0.449,0.131,7.9,0.605,7.0,1,26.0,71.7,1
21.0,101.5,12.4,0.968,0.545,4.3,0.807,3.0,2,6.0,93.3,1
7.4,41.6,10.6,0.736,0.458,3.5,0.272,12.0,4,18.0,69.3,1
12.2,15.0,25.0,0.579,0.251,8.4,0.581,14.0,0,10.0,54.0,0
16.9,54.3,18.7,0.723,0.29,3.4,0.399,29.0,2,21.0,80.6,1
22.8,82.0,16.7,0.715,0.279,9.4,0.535,14.0,2,13.0,100.0,1
14.7,99.2,8.9,0.917,0.363,3.4,0.793,27.0,1,14.0,90.1,1
12.2,35.4,20.7,0.441,0.216,4.9,0.837,9.0,1,23.0,74.4,1
24.4,69.9,20.9,0.629,0.014,6.6,0.905,4.0,4,24.0,90.0,1
7.8,50.7,9.2,0.668,0.083,5.8,0.724,19.0,3,11.0,73.3,1
4.0,57.9,4.2,0.854,0.175,3.2,0.762,35.0,4,3.0,75.7,1
17.2,112.9,9.1,0.376,0.214,6.3,0.535,8.0,2,6.0,74.9,1
12.5,29.9,25.0,0.799,0.383,7.7,0.252,21.0,3,30.0,63.1,1
9.9,65.1,9.1,0.946,0.483,2.6,0.637,21.0,2,15.0,70.4,1
18.5,69.4,16.0,0.431,0.172,6.7,0.679,11.0,3,6.0,86.5,1
16.2,81.7,11.9,0.921,0.269,4.8,0.619,22.0,3,7.0,85.4,1
12.2,62.0,11.8,0.967,0.379,2.8,0.759,17.0,0,19.0,81.0,1
8.6,66.2,7.8,0.686,0.172,6.2,0.683,22.0,1,29.0,82.6,1
19.4,52.2,22.3,0.93,0.464,8.2,0.526,20.0,3,11.0,83.4,1
18.3,65.4,16.7,0.876,0.077,3.6,0.732,12.0,2,21.0,100.0,1
14.5,53.1,16.4,0.8,0.246,6.4,0.789,14.0,1,18.0,77.2,1
24.2,72.4,20.1,0.857,0.245,4.1,0.79,28.0,1,13.0,94.9,1
9.6,52.6,11.0,0.446,0.373,7.3,0.727,15.0,1,16.0,75.7,1
7.4,67.5,6.5,0.579,0.112,9.0,0.791,7.0,2,13.0,80.7,1
11.5,59.4,11.7,0.844,0.466,6.0,0.45,11.0,3,21.0,67.6,1
14.8,82.5,10.7,0.497,0.403,7.6,0.652,18.0,1,16.0,80.1,1
16.2,59.0,16.5,0.593,0.251,8.4,0.363,27.0,0,4.0,89.5,1
13.8,24.5,25.0,0.617,0.218,3.6,0.775,3.0,1,9.0,63.9,1
16.8,85.2,11.8,0.851,0.362,4.1,0.783,11.0,1,6.0,86.0,1
8.7,41.9,12.5,0.886,0.409,6.5,0.699,25.0,1,11.0,82.2,1
22.2,46.9,25.0,0.82,0.43,10.2,0.434,7.0,2,9.0,71.1,1
14.6,48.1,18.2,0.31,0.17,2.3,0.701,7.0,1,7.0,81.9,1
20.6,87.5,14.1,0.731,0.149,6.9,0.782,14.0,3,5.0,95.3,1
16.7,17.3,25.0,0.716,0.148,9.7,0.766,3.0,0,2.0,73.5,1
17.3,122.8,8.4,0.969,0.446,4.7,0.595,42.0,7,21.0,86.0,1
17.8,81.1,13.2,0.783,0.251,5.2,0.598,18.0,2,21.0,95.5,1
17.2,64.5,16.0,0.801,0.124,5.1,0.482,21.0,1,4.0,88.3,1
18.2,58.9,18.6,0.716,0.384,4.9,0.458,29.0,3,13.0,97.0,1
21.6,65.7,19.8,0.891,0.397,3.2,0.858,50.0,1,3.0,92.9,1
16.0,70.4,13.6,0.808,0.219,4.8,0.908,13.0,2,6.0,78.8,1
18.5,72.9,15.3,0.72,0.095,3.2,0.37,3.0,0,9.0,72.6,1
14.6,71.1,12.3,0.826,0.737,7.4,0.643,17.0,3,7.0,73.7,1
22.2,61.8,21.6,0.76,0.236,1.6,0.786,7.0,2,15.0,73.6,1
11.6,56.1,12.4,0.947,0.359,8.2,0.841,5.0,4,1.0,87.8,1
24.0,57.0,25.0,0.827,0.226,8.9,0.315,9.0,0,6.0,88.7,1
14.8,56.1,15.8,0.67,0.152,5.7,0.723,12.0,3,17.0,83.2,1
7.8,82.7,5.7,0.829,0.328,12.4,0.802,30.0,1,3.0,77.0,1
15.6,71.9,13.1,0.624,0.119,6.6,0.445,42.0,2,7.0,73.1,1
11.6,15.0,25.0,0.686,0.373,6.2,0.818,5.0,1,19.0,70.6,1
19.2,73.1,15.8,0.875,0.586,1.5,0.755,10.0,2,30.0,99.3,1
11.7,63.9,11.0,0.811,0.203,9.3,0.713,20.0,3,21.0,83.2,1
12.8,59.6,12.8,0.706,0.187,2.9,0.488,22.0,3,8.0,77.9,1
5.6,52.2,6.4,0.525,0.134,2.7,0.891,6.0,4,30.0,76.1,1
12.7,82.5,9.3,0.778,0.193,5.9,0.866,25.0,1,17.0,99.3,1
2.9,79.0,2.2,0.686,0.22,3.3,0.628,7.0,2,4.0,63.8,1
7.1,44.5,9.5,0.657,0.459,4.6,0.2,6.0,2,3.0,59.0,0
18.8,68.1,16.6,0.928,0.332,9.7,0.454,20.0,2,17.0,93.2,1
18.9,40.6,25.0,0.477,0.435,11.6,0.686,30.0,1,10.0,66.1,1
17.1,32.4,25.0,0.62,0.196,3.6,0.824,17.0,3,4.0,64.6,1
10.2,47.5,12.8,0.917,0.314,4.7,0.479,15.0,2,9.0,70.0,1
14.8,77.2,11.5,0.615,0.299,14.0,0.657,13.0,3,19.0,93.2,1
15.0,79.1,11.4,0.549,0.038,11.6,0.717,14.0,1,7.0,81.6,1
9.2,70.3,7.9,0.635,0.044,8.5,0.848,11.0,0,7.0,71.7,1
22.5,74.5,18.1,0.886,0.05,3.3,0.568,20.0,1,9.0,91.3,1
19.4,70.3,16.5,0.763,0.24,3.7,0.811,14.0,0,10.0,84.9,1
13.9,47.2,17.7,0.636,0.406,8.5,0.74,50.0,3,8.0,96.9,1
15.1,68.6,13.2,0.75,0.145,1.4,0.656,17.0,3,15.0,83.7,1
16.0,76.0,12.7,0.895,0.091,9.3,0.922,11.0,1,16.0,87.6,1
4.8,75.1,3.8,0.629,0.177,10.7,0.718,5.0,1,10.0,68.6,1
13.8,83.8,9.9,0.593,0.257,4.3,0.438,6.0,1,6.0,83.4,1
11.6,74.2,9.4,0.808,0.135,11.7,0.833,18.0,1,7.0,81.7,1
10.0,67.0,8.9,0.678,0.104,6.8,0.697,9.0,2,22.0,71.6,1
13.6,81.4,10.0,0.564,0.099,2.5,0.674,15.0,0,30.0,78.0,1
24.0,59.5,24.2,0.664,0.68,5.6,0.351,31.0,1,4.0,75.7,1
18.2,42.4,25.0,0.548,0.082,3.5,0.762,5.0,4,5.0,77.6,1
12.1,56.7,12.8,0.803,0.346,6.0,0.922,12.0,1,7.0,85.5,1
17.9,45.1,23.8,0.771,0.67,2.3,0.69,3.0,4,23.0,63.2,1
